number,GaiaDR2,teff_xgboost,mh_xgboost,logg_xgboost,Mass5R,P_B,protD,age_seisfit,age_tefffit,ages_rotfit
0,598692675554477056,5662.1,0.006,4.44,-9999.0,-9999.0,-9999.0,-9999.0,6.3841085934987225,-9999.0
1,604906355065249408,4367.1,-0.111,4.618,-9999.0,-9999.0,-9999.0,-9999.0,18.47831791411303,-9999.0
2,604971093107735040,4656.1,-0.184,4.609,-9999.0,-9999.0,-9999.0,-9999.0,12.835051863083148,-9999.0
3,604906801741863936,4087.1,-0.225,4.658,-9999.0,-9999.0,-9999.0,-9999.0,-9999.0,-9999.0
4,604907355793322112,4614.7,-0.059,4.601,-9999.0,-9999.0,-9999.0,-9999.0,11.631188148444515,-9999.0
5,604908489664691456,-9999.0,-9999.0,-9999.0,-9999.0,-9999.0,476.0,-9999.0,-9999.0,0.7268122933319606
6,604970096675364352,5156.3,0.03,4.532,-9999.0,-9999.0,-9999.0,-9999.0,8.663024111585218,-9999.0
7,604909310002693632,-9999.0,-9999.0,-9999.0,-9999.0,-9999.0,24.0,-9999.0,-9999.0,4.615016593274738
8,604909692255500544,4348.3,-0.186,4.603,-9999.0,-9999.0,-9999.0,-9999.0,23.638222838707595,-9999.0
9,604910207651567360,4745.2,-0.073,4.505,-9999.0,-9999.0,-9999.0,-9999.0,-9999.0,-9999.0
10,604969306401373952,4351.2,-0.282,4.63,-9999.0,-9999.0,-9999.0,-9999.0,18.6011300075911,-9999.0
11,604969237681908480,4510.2,-0.055,4.539,-9999.0,-9999.0,-9999.0,-9999.0,-9999.0,-9999.0
12,604910478233820672,4693.2,0.03,4.584,-9999.0,-9999.0,-9999.0,-9999.0,11.081549565800232,-9999.0
13,604919927161960448,4273.5,-0.232,4.56,-9999.0,-9999.0,-9999.0,-9999.0,-9999.0,-9999.0
14,604966454543134720,4712.6,0.033,4.57,-9999.0,-9999.0,-9999.0,-9999.0,13.49323190472606,-9999.0
15,604965178937376512,4583.3,-0.304,4.601,-9999.0,-9999.0,-9999.0,-9999.0,22.123659269791453,-9999.0
16,604972394482498944,4055.2,-0.329,4.606,-9999.0,-9999.0,-9999.0,-9999.0,-9999.0,-9999.0
17,604964083721159936,4457.0,-0.065,4.602,-9999.0,-9999.0,-9999.0,-9999.0,17.032513992615428,-9999.0
18,604905019331023104,4458.7,-0.224,4.552,-9999.0,-9999.0,-9999.0,-9999.0,-9999.0,-9999.0
19,604974769599793152,-9999.0,-9999.0,-9999.0,-9999.0,-9999.0,53.5,-9999.0,-9999.0,0.650705874731553
20,604898903297606272,4176.8,-0.197,4.662,-9999.0,-9999.0,-9999.0,-9999.0,10.078071126021236,-9999.0
21,604899178175495168,4773.7,-0.356,4.544,-9999.0,-9999.0,-9999.0,-9999.0,-9999.0,-9999.0
22,605000401964512896,4645.6,-0.125,4.555,-9999.0,-9999.0,-9999.0,-9999.0,-9999.0,-9999.0
23,604899414398028928,4521.1,-0.192,4.58,-9999.0,-9999.0,-9999.0,-9999.0,22.45841833840229,-9999.0
24,604899448757770624,4373.6,0.037,4.614,-9999.0,-9999.0,23.8,-9999.0,13.209345213348591,2.997830066038351
25,605000058367154176,4307.8,-0.327,4.633,-9999.0,-9999.0,310.0,-9999.0,-9999.0,1.0233171282711975
26,604999779194000640,-9999.0,-9999.0,-9999.0,-9999.0,-9999.0,-9999.0,-9999.0,-9999.0,-9999.0
27,604901239759778176,4618.6,-0.021,4.61,-9999.0,-9999.0,-9999.0,-9999.0,8.015988242540454,-9999.0
28,604901407262883456,4251.0,-0.172,4.611,-9999.0,-9999.0,26.3,-9999.0,23.206324014598184,3.8443205686705006
29,604988204257490176,4628.6,0.012,4.543,-9999.0,-9999.0,-9999.0,-9999.0,-9999.0,-9999.0
30,604902407990875520,4625.0,0.039,4.585,-9999.0,-9999.0,-9999.0,-9999.0,12.601868703207831,-9999.0
31,604903812444576512,3995.8,-0.168,4.63,-9999.0,-9999.0,-9999.0,-9999.0,-9999.0,-9999.0
32,604977071702226688,-9999.0,-9999.0,-9999.0,-9999.0,-9999.0,159.0,-9999.0,-9999.0,0.6713117380533168
33,604904229057064320,4446.3,-0.03,4.583,-9999.0,-9999.0,-9999.0,-9999.0,21.317719176404896,-9999.0
34,604976762464567680,4584.9,-0.166,4.58,-9999.0,-9999.0,-9999.0,-9999.0,19.663423191063348,-9999.0
35,604974078109680000,4039.8,-0.188,4.604,-9999.0,-9999.0,25.1,-9999.0,-9999.0,3.867987351989896
36,604963911922477696,-9999.0,-9999.0,-9999.0,-9999.0,-9999.0,25.6,-9999.0,-9999.0,5.181304742525528
37,604911685120318592,-9999.0,-9999.0,-9999.0,-9999.0,-9999.0,117.0,-9999.0,-9999.0,0.6672347102385318
38,604963052929005824,4606.6,-0.195,4.563,-9999.0,-9999.0,-9999.0,-9999.0,-9999.0,-9999.0
39,604922229264424448,4199.0,-0.148,4.608,-9999.0,-9999.0,9.78,-9999.0,-9999.0,1.350588982530591
40,604916976519992192,4440.4,-0.132,4.523,-9999.0,-9999.0,-9999.0,-9999.0,-9999.0,-9999.0
41,604922130480588544,4481.4,-0.24,4.582,-9999.0,-9999.0,-9999.0,-9999.0,-9999.0,-9999.0
42,604921958681906176,5957.5,0.058,3.994,-9999.0,-9999.0,-9999.0,-9999.0,5.328530982166777,-9999.0
43,604917457556344320,4029.0,-0.258,4.643,-9999.0,-9999.0,-9999.0,-9999.0,-9999.0,-9999.0
44,604921713868337280,4516.9,0.07,4.643,-9999.0,-9999.0,-9999.0,-9999.0,1.3706293229308757,-9999.0
45,604921340206591744,4268.8,-0.213,4.614,-9999.0,-9999.0,-9999.0,-9999.0,-9999.0,-9999.0
46,604917663714774912,-9999.0,-9999.0,-9999.0,-9999.0,-9999.0,14.9,-9999.0,-9999.0,2.0003695987477284
47,604917698074520320,-9999.0,-9999.0,-9999.0,-9999.0,-9999.0,-9999.0,-9999.0,-9999.0,-9999.0
48,604917831219174528,-9999.0,-9999.0,-9999.0,-9999.0,-9999.0,-9999.0,-9999.0,-9999.0,-9999.0
49,604917972952402048,4127.3,-0.108,4.535,-9999.0,-9999.0,-9999.0,-9999.0,-9999.0,-9999.0
50,604918076031623680,4453.0,-0.037,4.574,-9999.0,-9999.0,-9999.0,-9999.0,21.166292084287356,-9999.0
51,604920549932809472,4102.3,-0.276,4.601,-9999.0,-9999.0,40.7,-9999.0,-9999.0,9.015035948919069
52,604920549932807296,4125.0,-0.14,4.669,-9999.0,-9999.0,442.0,-9999.0,7.682701589419784,1.2580462358830664
53,604920030241180672,-9999.0,-9999.0,-9999.0,-9999.0,-9999.0,-9999.0,-9999.0,-9999.0,-9999.0
54,604916594267287040,-9999.0,-9999.0,-9999.0,-9999.0,-9999.0,-9999.0,-9999.0,-9999.0,-9999.0
55,604922783315580288,5201.1,-0.005,4.525,-9999.0,-9999.0,-9999.0,-9999.0,9.027410432851756,-9999.0
56,604916529843404928,4182.2,-0.296,4.592,-9999.0,-9999.0,11.5,-9999.0,-9999.0,1.4293311104774524
57,604922920754523520,5274.9,-0.107,4.51,-9999.0,-9999.0,-9999.0,-9999.0,11.169132539908441,-9999.0
58,604911886983070720,4252.5,0.069,4.614,-9999.0,-9999.0,25.4,-9999.0,18.262172500857936,3.320277141895086
59,604912058781650176,5987.9,0.103,4.279,-9999.0,-9999.0,-9999.0,-9999.0,4.929019252140483,-9999.0
60,604913540546033024,4706.4,-0.092,4.619,-9999.0,-9999.0,-9999.0,-9999.0,6.109128105175424,-9999.0
61,604913952863073920,4331.0,-0.09,4.649,-9999.0,-9999.0,-9999.0,-9999.0,8.942454692175902,-9999.0
62,604948651903292672,-9999.0,-9999.0,-9999.0,-9999.0,-9999.0,-9999.0,-9999.0,-9999.0,-9999.0
63,604947621110416640,4423.1,0.009,4.622,-9999.0,-9999.0,-9999.0,-9999.0,9.48553404007107,-9999.0
64,604946938211615360,4163.1,-0.092,4.57,-9999.0,-9999.0,-9999.0,-9999.0,-9999.0,-9999.0
65,604898555404553344,4137.9,-0.132,4.563,-9999.0,-9999.0,11.9,-9999.0,-9999.0,1.3582398579432455
66,604946865196193280,4143.1,-0.107,4.632,-9999.0,-9999.0,826.0,-9999.0,18.84500537493544,2.712926490210308
67,604944082058063616,4701.1,-0.096,4.526,-9999.0,-9999.0,-9999.0,-9999.0,-9999.0,-9999.0
68,604931441969782272,4706.2,0.007,4.548,-9999.0,-9999.0,-9999.0,-9999.0,16.72119321331594,-9999.0
69,604930235082768768,4359.4,-0.097,4.655,-9999.0,-9999.0,-9999.0,-9999.0,6.237926440807226,-9999.0
70,604926494167461376,4501.3,-0.197,4.563,-9999.0,-9999.0,-9999.0,-9999.0,-9999.0,-9999.0
71,604923706733209088,4314.7,-0.077,4.589,-9999.0,-9999.0,-9999.0,-9999.0,24.371345833351274,-9999.0
72,604916181950391936,4315.2,-0.33,4.58,-9999.0,-9999.0,27.5,-9999.0,-9999.0,4.646778322440994
73,604916392404461184,4196.9,-0.072,4.56,-9999.0,-9999.0,155.0,-9999.0,-9999.0,1.0345790521748044
74,604946285376553088,4191.4,-0.207,4.626,-9999.0,-9999.0,-9999.0,-9999.0,-9999.0,-9999.0
75,604898009944444032,4529.4,-0.108,4.578,-9999.0,-9999.0,-9999.0,-9999.0,20.02949627903505,-9999.0
76,604919725299047424,4332.5,-0.035,4.562,-9999.0,-9999.0,-9999.0,-9999.0,-9999.0,-9999.0
77,604895810921215744,4615.8,-0.105,4.553,-9999.0,-9999.0,-9999.0,-9999.0,-9999.0,-9999.0
78,604896498115959296,4427.8,-0.212,4.632,-9999.0,-9999.0,25.9,-9999.0,15.648581633355072,3.5819746431922757
79,598907522703329280,3951.4,-0.155,4.598,-9999.0,-9999.0,-9999.0,-9999.0,-9999.0,-9999.0
80,604896807353611264,4066.8,-0.042,4.614,-9999.0,-9999.0,30.8,-9999.0,-9999.0,5.043014984431229
81,598902437462030336,4128.1,-0.078,4.622,-9999.0,-9999.0,-9999.0,-9999.0,21.60018889205253,-9999.0
82,604896876073077504,4692.7,-0.028,4.569,-9999.0,-9999.0,-9999.0,-9999.0,15.744044337715904,-9999.0
83,598695763635752448,5133.5,-0.102,4.555,-9999.0,-9999.0,-9999.0,-9999.0,8.856340165470513,-9999.0
84,598903128951834496,4171.9,-0.216,4.555,-9999.0,-9999.0,-9999.0,-9999.0,-9999.0,-9999.0
85,598889213257785984,4369.4,-0.119,4.622,-9999.0,-9999.0,413.0,-9999.0,17.399484692684435,1.1680285064668765
86,598888697861717376,4511.9,-0.083,4.574,-9999.0,-9999.0,-9999.0,-9999.0,20.682457086966057,-9999.0
87,604703465105196416,4279.2,-0.223,4.656,-9999.0,-9999.0,26.5,-9999.0,14.487143253348343,3.9472660829647483
88,604711500989123584,4506.1,-0.131,4.623,-9999.0,-9999.0,-9999.0,-9999.0,11.99576360635451,-9999.0
89,604914159021501184,-9999.0,-9999.0,-9999.0,-9999.0,-9999.0,-9999.0,-9999.0,-9999.0,-9999.0
90,604907076619776640,4456.7,-0.348,4.499,-9999.0,-9999.0,-9999.0,-9999.0,-9999.0,-9999.0
91,604916181950394240,4241.1,-0.046,4.607,-9999.0,-9999.0,25.3,-9999.0,25.85649087230446,3.6313466894148414
92,604918243534758400,4321.9,0.039,4.586,-9999.0,-9999.0,-9999.0,-9999.0,24.228160140517957,-9999.0
93,604923848467470976,4164.8,0.12,4.593,-9999.0,-9999.0,26.0,-9999.0,23.230883824604017,3.901155204106435
94,604969237681904896,4400.0,-0.148,4.59,-9999.0,-9999.0,-9999.0,-9999.0,23.05630007951249,-9999.0
95,604918552772398336,4005.1,-0.205,4.65,-9999.0,-9999.0,-9999.0,-9999.0,-9999.0,-9999.0
96,604904263416797440,4505.7,0.072,4.585,-9999.0,-9999.0,-9999.0,-9999.0,15.913423743119772,-9999.0
97,604905122410226688,-9999.0,-9999.0,-9999.0,-9999.0,-9999.0,-9999.0,-9999.0,-9999.0,-9999.0
98,604914945000917376,-9999.0,-9999.0,-9999.0,-9999.0,-9999.0,-9999.0,-9999.0,-9999.0,-9999.0
99,604905431647872384,3879.4,-0.201,4.658,-9999.0,-9999.0,-9999.0,-9999.0,-9999.0,-9999.0
100,604942879467199360,3915.6,-0.11,4.633,-9999.0,-9999.0,-9999.0,-9999.0,-9999.0,-9999.0
101,604904641373912960,4237.4,-0.113,4.611,-9999.0,-9999.0,-9999.0,-9999.0,20.77484360638626,-9999.0
102,598957790999876736,5876.1,0.002,4.298,-9999.0,-9999.0,-9999.0,-9999.0,7.149461134821163,-9999.0
103,604920549932810368,4377.3,-0.023,4.584,-9999.0,-9999.0,-9999.0,-9999.0,23.965760127928373,-9999.0
104,604963259087437184,4222.9,-0.043,4.565,-9999.0,-9999.0,28.4,-9999.0,-9999.0,4.379095925036881
105,604921030968952704,3911.0,-0.069,4.635,-9999.0,-9999.0,-9999.0,-9999.0,-9999.0,-9999.0
106,604975388075059072,4234.8,-0.107,4.533,-9999.0,-9999.0,-9999.0,-9999.0,-9999.0,-9999.0
107,604903713659968256,-9999.0,-9999.0,-9999.0,-9999.0,-9999.0,-9999.0,-9999.0,-9999.0,-9999.0
108,604910100276687232,4034.0,-0.11,4.659,-9999.0,-9999.0,217.0,-9999.0,-9999.0,0.9380868637040369
109,604922233559793664,-9999.0,-9999.0,-9999.0,-9999.0,-9999.0,-9999.0,-9999.0,-9999.0,-9999.0
110,604897288389930880,-9999.0,-9999.0,-9999.0,-9999.0,-9999.0,-9999.0,-9999.0,-9999.0,-9999.0
111,604922886394970240,4438.4,-0.119,4.593,-9999.0,-9999.0,25.7,-9999.0,23.153807994303467,3.451253594406535
112,604919278622426624,-9999.0,-9999.0,-9999.0,-9999.0,-9999.0,19.2,-9999.0,-9999.0,3.0503473728914274
113,604917594995372160,-9999.0,-9999.0,-9999.0,-9999.0,-9999.0,-9999.0,-9999.0,-9999.0,-9999.0
114,604922435422864512,3744.4,-0.206,4.702,-9999.0,-9999.0,-9999.0,-9999.0,-9999.0,-9999.0
115,604916598562886272,4315.9,-0.18,4.605,-9999.0,-9999.0,-9999.0,-9999.0,23.816244838147078,-9999.0
116,604898113023653888,3928.4,-0.201,4.626,-9999.0,-9999.0,-9999.0,-9999.0,-9999.0,-9999.0
117,604917625061651328,-9999.0,-9999.0,-9999.0,-9999.0,-9999.0,-9999.0,-9999.0,-9999.0,-9999.0
118,604922027401371904,4326.8,-0.148,4.626,-9999.0,-9999.0,826.0,-9999.0,19.619337976195197,2.709896532304243
119,604897696411104256,4449.2,-0.093,4.602,-9999.0,-9999.0,170.0,-9999.0,18.68874172376245,1.006516580722659
120,604917663714774272,4787.1,-0.156,4.54,-9999.0,-9999.0,-9999.0,-9999.0,20.123790561993072,-9999.0
121,604921129752600832,5302.2,0.101,3.683,1.191,-9999.0,-9999.0,6.087387890018817,2.4520958241311055,-9999.0
122,604920957953908864,6094.8,-0.101,4.255,-9999.0,-9999.0,-9999.0,-9999.0,5.661526217407544,-9999.0
123,604920889234433792,6023.2,0.034,4.281,-9999.0,-9999.0,-9999.0,-9999.0,5.063593720919568,-9999.0
124,604917629355038848,6027.4,-0.126,4.047,-9999.0,-9999.0,-9999.0,-9999.0,6.742007455087833,-9999.0
125,604922302279259008,5936.3,0.247,4.205,-9999.0,-9999.0,-9999.0,-9999.0,4.368244526711534,-9999.0
126,604921821242942464,5968.6,-0.046,4.248,-9999.0,-9999.0,-9999.0,-9999.0,6.842119886589479,-9999.0
127,604916804721291776,5269.3,-0.114,4.455,-9999.0,-9999.0,-9999.0,-9999.0,16.685497690791788,-9999.0
128,604923882827217024,-9999.0,-9999.0,-9999.0,-9999.0,-9999.0,-9999.0,-9999.0,-9999.0,-9999.0
129,604904297776551680,-9999.0,-9999.0,-9999.0,-9999.0,-9999.0,-9999.0,-9999.0,-9999.0,-9999.0
130,604969168962427904,5742.3,-0.046,4.183,-9999.0,-9999.0,-9999.0,-9999.0,10.936937993501834,-9999.0
131,604903576222015616,5293.3,0.087,4.5,-9999.0,-9999.0,-9999.0,-9999.0,8.361827129070326,-9999.0
132,604964083721158656,5239.3,-0.344,4.41,-9999.0,-9999.0,-9999.0,-9999.0,26.355613386625503,-9999.0
133,604919033808556800,5573.3,-0.082,4.376,-9999.0,-9999.0,-9999.0,-9999.0,12.358943658959454,-9999.0
134,604905534727082880,5576.1,-0.056,4.493,-9999.0,-9999.0,-9999.0,-9999.0,5.496290679812267,-9999.0
135,604917629355042176,4765.4,0.06,2.487,1.45,-9999.0,-9999.0,3.1163620662433216,1.1058296570375006,-9999.0
136,604900449485821568,5796.5,0.062,4.331,-9999.0,-9999.0,-9999.0,-9999.0,7.199447286180229,-9999.0
137,598903953585548672,6028.2,-0.041,4.204,-9999.0,-9999.0,-9999.0,-9999.0,6.027790941106937,-9999.0
138,604948724917993984,5894.6,0.026,4.35,-9999.0,-9999.0,-9999.0,-9999.0,5.6819018936468195,-9999.0
139,604913162588927488,5612.6,0.093,4.483,-9999.0,-9999.0,-9999.0,-9999.0,3.7892175786119595,-9999.0
140,604933018221557120,5606.7,0.007,4.451,-9999.0,-9999.0,-9999.0,-9999.0,6.764001348030279,-9999.0
141,604989441208017920,5294.0,-0.036,4.508,-9999.0,-9999.0,-9999.0,-9999.0,9.437234788051798,-9999.0
142,604917354477128448,4330.2,0.01,1.853,1.401,-9999.0,-9999.0,3.443399532771488,-9999.0,-9999.0
143,604981607187745792,6085.3,-0.022,4.258,-9999.0,-9999.0,-9999.0,-9999.0,5.054914962473665,-9999.0
144,604911375882674560,4295.1,-0.022,1.951,1.402,-9999.0,-9999.0,3.37716774821488,-9999.0,-9999.0
145,604922164840316672,4785.9,0.022,2.517,1.265,-9999.0,-9999.0,4.96348928710994,1.086757758629896,-9999.0
146,604911478961895424,6214.6,-1.018,3.811,-9999.0,-9999.0,-9999.0,-9999.0,7.165791275521119,-9999.0
147,604919480485158784,4784.6,0.024,2.823,1.396,-9999.0,-9999.0,3.5097365575531256,1.0596772596744097,-9999.0
148,604904950611554432,5034.4,0.002,2.969,-9999.0,-9999.0,-9999.0,-9999.0,0.9811902927306061,-9999.0
149,604914189085426560,6176.7,-0.082,4.032,-9999.0,-9999.0,-9999.0,-9999.0,5.037360601248536,-9999.0
150,604920202039656064,4784.7,-0.004,2.498,1.138,-9999.0,-9999.0,7.211315520647985,1.002828347370945,-9999.0
151,604903713660959488,6468.2,-0.476,3.79,-9999.0,-9999.0,-9999.0,-9999.0,3.3362255879627436,-9999.0
152,604905156769963136,4747.8,0.026,2.502,1.598,-9999.0,-9999.0,2.184464432646572,1.0899400531897987,-9999.0
153,604908416649384960,5690.9,-0.015,3.787,-9999.0,-9999.0,-9999.0,-9999.0,4.128808070670168,-9999.0
154,604907390153062272,4799.6,0.061,2.828,1.42,-9999.0,-9999.0,3.355720605835609,1.0787792457890044,-9999.0
155,604962193935568896,3981.1,-0.225,1.18,1.808,-9999.0,-9999.0,1.2429638688360236,-9999.0,-9999.0
156,604989372488540416,5690.7,0.032,3.819,1.602,-9999.0,-9999.0,1.8170665475374344,4.5726847869997815,-9999.0
157,604917281461920256,6049.7,-0.065,3.952,-9999.0,-9999.0,-9999.0,-9999.0,5.193608886086749,-9999.0
158,604921202767811712,6382.1,0.124,4.28,-9999.0,-9999.0,-9999.0,-9999.0,1.6652709886683947,-9999.0
159,604920927889929216,6033.8,-0.002,4.266,-9999.0,-9999.0,-9999.0,-9999.0,5.37119356659769,-9999.0
160,604921271487102464,6033.9,0.051,4.151,-9999.0,-9999.0,-9999.0,-9999.0,5.547711678729835,-9999.0
161,604911199788235648,6059.8,0.035,4.246,-9999.0,-9999.0,-9999.0,-9999.0,4.929821058475572,-9999.0
162,604911509025877248,-9999.0,-9999.0,-9999.0,-9999.0,-9999.0,-9999.0,-9999.0,-9999.0,-9999.0
163,604922267919525504,-9999.0,-9999.0,-9999.0,-9999.0,-9999.0,-9999.0,-9999.0,-9999.0,-9999.0
164,604916903504793856,-9999.0,-9999.0,-9999.0,-9999.0,-9999.0,-9999.0,-9999.0,-9999.0,-9999.0
165,604910860486613632,-9999.0,-9999.0,-9999.0,-9999.0,-9999.0,-9999.0,-9999.0,-9999.0,-9999.0
166,604921885666815360,5934.9,-0.029,4.293,-9999.0,-9999.0,-9999.0,-9999.0,6.684400726093314,-9999.0
167,604909726615246080,-9999.0,-9999.0,-9999.0,-9999.0,-9999.0,-9999.0,-9999.0,-9999.0,-9999.0
168,604969615639180416,-9999.0,-9999.0,-9999.0,-9999.0,-9999.0,-9999.0,-9999.0,-9999.0,-9999.0
169,604920275054845824,-9999.0,-9999.0,-9999.0,-9999.0,-9999.0,-9999.0,-9999.0,-9999.0,-9999.0
170,604969203322162816,5894.9,-0.061,4.312,-9999.0,-9999.0,-9999.0,-9999.0,7.35402243205941,-9999.0
171,604969203322163840,5866.6,0.026,4.282,-9999.0,-9999.0,-9999.0,-9999.0,7.25557093585576,-9999.0
172,604962365734255744,5972.5,-0.008,4.188,-9999.0,-9999.0,-9999.0,-9999.0,6.743584296894615,-9999.0
173,604894913272261632,5532.7,0.074,4.474,-9999.0,-9999.0,-9999.0,-9999.0,5.90050340264062,-9999.0
174,598907836235995008,5750.5,-0.041,4.409,-9999.0,-9999.0,-9999.0,-9999.0,6.829973184990058,-9999.0
175,604711539643602816,5419.2,-0.084,4.468,-9999.0,-9999.0,-9999.0,-9999.0,10.97330426490627,-9999.0
176,604987070386114688,5933.6,0.038,4.276,-9999.0,-9999.0,-9999.0,-9999.0,6.191563437138343,-9999.0
177,604713463788946432,-9999.0,-9999.0,-9999.0,-9999.0,-9999.0,-9999.0,-9999.0,-9999.0,-9999.0
178,605013767903055616,6064.1,-0.017,4.214,-9999.0,-9999.0,-9999.0,-9999.0,5.579910940238572,-9999.0
179,604917526275831040,6073.2,-0.077,4.28,-9999.0,-9999.0,-9999.0,-9999.0,5.477149378509664,-9999.0
180,604920717435743872,6036.2,0.007,4.007,-9999.0,-9999.0,-9999.0,-9999.0,5.110997659758397,-9999.0
181,604920923594172672,6028.2,-0.009,4.201,-9999.0,-9999.0,-9999.0,-9999.0,5.991591772342414,-9999.0
182,604918179110923392,6150.5,0.004,4.278,-9999.0,-9999.0,-9999.0,-9999.0,3.9725216351063763,-9999.0
183,604920824810533376,6043.2,0.056,4.228,-9999.0,-9999.0,-9999.0,-9999.0,5.066709935536448,-9999.0
184,604916564203137280,-9999.0,-9999.0,-9999.0,-9999.0,-9999.0,-9999.0,-9999.0,-9999.0,-9999.0
185,604911547681373184,6083.8,-0.061,4.17,-9999.0,-9999.0,-9999.0,-9999.0,5.363903315902432,-9999.0
186,604914777496782720,5879.7,0.015,4.242,-9999.0,-9999.0,-9999.0,-9999.0,7.574479880751541,-9999.0
187,604910379450263168,-9999.0,-9999.0,-9999.0,-9999.0,-9999.0,-9999.0,-9999.0,-9999.0,-9999.0
188,604910340794780032,5642.2,-0.151,4.39,-9999.0,-9999.0,-9999.0,-9999.0,11.286820157619804,-9999.0
189,604921988746029312,5476.7,-0.027,4.49,-9999.0,-9999.0,-9999.0,-9999.0,7.0895802965962185,-9999.0
190,604915877008228096,5667.3,0.028,4.455,-9999.0,-9999.0,-9999.0,-9999.0,5.270315834320507,-9999.0
191,604924776180388736,-9999.0,-9999.0,-9999.0,-9999.0,-9999.0,-9999.0,-9999.0,-9999.0,-9999.0
192,604903026466307840,5554.4,0.013,4.391,-9999.0,-9999.0,-9999.0,-9999.0,10.723055779598031,-9999.0
193,604915292892687744,5215.4,0.008,4.524,-9999.0,-9999.0,-9999.0,-9999.0,8.61854837309277,-9999.0
194,604902923387008000,5716.9,-0.046,4.395,-9999.0,-9999.0,-9999.0,-9999.0,8.04642233473853,-9999.0
195,604908863325982976,6008.7,0.026,4.216,-9999.0,-9999.0,-9999.0,-9999.0,5.815451683916951,-9999.0
196,604906153202364544,5684.8,0.13,4.437,-9999.0,31.2,-9999.0,-9999.0,4.75518844566168,7.617833447398612
197,604995660320634880,5591.3,-0.068,4.448,-9999.0,26.9,-9999.0,-9999.0,8.284706714659599,4.893407787512498
198,604902682868787584,5992.5,-0.028,4.221,-9999.0,-9999.0,-9999.0,-9999.0,6.519090774885482,-9999.0
199,604950786502478720,5309.0,-0.062,4.495,-9999.0,-9999.0,-9999.0,-9999.0,10.875215211907813,-9999.0
200,604917453260607488,-9999.0,-9999.0,-9999.0,-9999.0,-9999.0,-9999.0,-9999.0,-9999.0,-9999.0
201,604917487620349184,6087.9,-0.017,4.097,-9999.0,-9999.0,-9999.0,-9999.0,5.524347352908681,-9999.0
202,604920584292552832,6032.6,-0.004,4.273,-9999.0,-9999.0,-9999.0,-9999.0,5.343528566761308,-9999.0
203,604911410242411136,5932.1,0.074,4.268,-9999.0,-9999.0,-9999.0,-9999.0,5.976401700214596,-9999.0
204,604921030968952832,4578.5,-0.11,3.637,-9999.0,-9999.0,-9999.0,-9999.0,-9999.0,-9999.0
205,604921305846836864,-9999.0,-9999.0,-9999.0,-9999.0,-9999.0,-9999.0,-9999.0,-9999.0,-9999.0
206,604922779020036736,6022.9,-0.054,4.254,-9999.0,-9999.0,-9999.0,-9999.0,6.1077517829459405,-9999.0
207,604921855602675840,-9999.0,-9999.0,-9999.0,-9999.0,-9999.0,-9999.0,-9999.0,-9999.0,-9999.0
208,604916117526551680,5710.3,0.047,4.418,-9999.0,-9999.0,-9999.0,-9999.0,6.132008573226072,-9999.0
209,604916873440765696,5452.2,-0.168,4.401,-9999.0,-9999.0,-9999.0,-9999.0,16.044474800543078,-9999.0
210,604922096120852864,-9999.0,-9999.0,-9999.0,-9999.0,-9999.0,-9999.0,-9999.0,-9999.0,-9999.0
211,604969340761109760,4993.4,-0.362,4.419,-9999.0,-9999.0,-9999.0,-9999.0,-9999.0,-9999.0
212,604897833850019328,-9999.0,-9999.0,-9999.0,-9999.0,26.9,-9999.0,-9999.0,-9999.0,5.687538363450363
213,604971402345381120,5944.2,-0.056,4.231,-9999.0,-9999.0,-9999.0,-9999.0,7.4406336423228545,-9999.0
214,604964118080894464,5615.4,0.007,4.427,-9999.0,-9999.0,-9999.0,-9999.0,7.843298666027074,-9999.0
215,604908146067299712,5930.9,0.099,4.358,-9999.0,-9999.0,-9999.0,-9999.0,4.338226412659955,-9999.0
216,604971058748016384,6033.8,0.044,4.225,-9999.0,-9999.0,-9999.0,-9999.0,5.301990528353987,-9999.0
217,604947831564803840,5231.7,-0.086,4.53,-9999.0,-9999.0,-9999.0,-9999.0,9.497392623950518,-9999.0
218,604711299125433472,5350.7,-0.015,4.507,-9999.0,28.8,-9999.0,-9999.0,7.929543939446128,5.1153018440612685
219,604920687371751936,5948.2,-0.05,4.289,-9999.0,-9999.0,-9999.0,-9999.0,6.76166179317785,-9999.0
220,604920756091232256,6030.3,-0.098,4.14,-9999.0,-9999.0,-9999.0,-9999.0,6.9161958905783925,-9999.0
221,604920515573076352,6023.4,-0.042,4.252,-9999.0,-9999.0,-9999.0,-9999.0,6.022379849687114,-9999.0
222,604921374566324992,5848.7,-0.157,4.25,-9999.0,-9999.0,-9999.0,-9999.0,9.55081834217466,-9999.0
223,604921374566323200,5932.7,-0.05,4.247,-9999.0,-9999.0,-9999.0,-9999.0,7.40367892695387,-9999.0
224,604916736001826432,5975.3,0.023,4.279,-9999.0,-9999.0,-9999.0,-9999.0,5.762860374432423,-9999.0
225,604921718163730560,5575.7,-0.078,4.317,-9999.0,-9999.0,-9999.0,-9999.0,14.113837588350643,-9999.0
226,604915705209528320,-9999.0,-9999.0,-9999.0,-9999.0,-9999.0,-9999.0,-9999.0,-9999.0,-9999.0
227,604898456621037824,5327.0,-0.025,4.42,-9999.0,-9999.0,-9999.0,-9999.0,15.618858690314887,-9999.0
228,604971088812177280,-9999.0,-9999.0,-9999.0,-9999.0,-9999.0,-9999.0,-9999.0,-9999.0,-9999.0
229,604914021582551168,5671.8,0.043,4.425,-9999.0,-9999.0,-9999.0,-9999.0,5.57657114012395,-9999.0
230,604919209902956160,5405.8,-0.024,4.5,-9999.0,-9999.0,-9999.0,-9999.0,7.60440016867926,-9999.0
231,604920481213271296,5362.6,0.036,4.426,-9999.0,-9999.0,-9999.0,-9999.0,13.198163590681588,-9999.0
232,604908004332577152,5674.1,-0.042,4.412,-9999.0,-9999.0,-9999.0,-9999.0,8.102567373681264,-9999.0
233,604902923387005824,5864.1,0.075,4.319,-9999.0,-9999.0,-9999.0,-9999.0,6.290904455805993,-9999.0
234,604896326317278464,5625.7,-0.015,4.408,-9999.0,-9999.0,-9999.0,-9999.0,8.864943375631068,-9999.0
235,604974322923167488,6013.7,-0.01,4.269,-9999.0,-9999.0,-9999.0,-9999.0,5.670307016362876,-9999.0
236,604996897271215104,5473.0,-0.01,4.483,-9999.0,-9999.0,-9999.0,-9999.0,7.419142114376168,-9999.0
237,604977999415233536,5124.1,-0.039,4.535,-9999.0,-9999.0,-9999.0,-9999.0,10.295204658094342,-9999.0
238,604918140455366528,-9999.0,-9999.0,-9999.0,-9999.0,-9999.0,-9999.0,-9999.0,-9999.0,-9999.0
239,604918247830312576,-9999.0,-9999.0,-9999.0,-9999.0,-9999.0,-9999.0,-9999.0,-9999.0,-9999.0
240,604911375882674176,-9999.0,-9999.0,-9999.0,-9999.0,-9999.0,-9999.0,-9999.0,-9999.0,-9999.0
241,604911650760586624,-9999.0,-9999.0,-9999.0,-9999.0,-9999.0,-9999.0,-9999.0,-9999.0,-9999.0
242,604916976519989248,-9999.0,-9999.0,-9999.0,-9999.0,-9999.0,-9999.0,-9999.0,-9999.0,-9999.0
243,604921580724745984,-9999.0,-9999.0,-9999.0,-9999.0,-9999.0,-9999.0,-9999.0,-9999.0,-9999.0
244,604909726615246336,5588.8,0.038,4.438,-9999.0,-9999.0,-9999.0,-9999.0,7.441116120981718,-9999.0
245,604918763226358656,5393.3,0.02,4.469,-9999.0,-9999.0,-9999.0,-9999.0,9.696654811337297,-9999.0
246,604897219670462976,-9999.0,-9999.0,-9999.0,-9999.0,-9999.0,-9999.0,-9999.0,-9999.0,-9999.0
247,604912745976557568,4866.5,-0.073,4.559,-9999.0,-9999.0,-9999.0,-9999.0,14.067453072648155,-9999.0
248,604912368019294976,5919.7,-0.104,4.281,-9999.0,-9999.0,-9999.0,-9999.0,7.8877977294610835,-9999.0
249,604972089540120832,4262.1,-0.104,3.671,-9999.0,-9999.0,-9999.0,-9999.0,-9999.0,-9999.0
250,604892306227881856,5057.6,-0.094,4.562,-9999.0,-9999.0,-9999.0,-9999.0,9.320725526236075,-9999.0
251,604939550868021760,5260.1,0.152,4.531,-9999.0,-9999.0,-9999.0,-9999.0,5.111511309922783,-9999.0
252,604921168408082048,6054.4,-0.048,4.195,-9999.0,-9999.0,-9999.0,-9999.0,6.0950617801220135,-9999.0
253,604918247830309376,-9999.0,-9999.0,-9999.0,-9999.0,-9999.0,-9999.0,-9999.0,-9999.0,-9999.0
254,604916529843405696,5106.3,-0.047,4.529,-9999.0,-9999.0,-9999.0,-9999.0,11.704701131855076,-9999.0
255,604914949295282816,-9999.0,-9999.0,-9999.0,-9999.0,-9999.0,-9999.0,-9999.0,-9999.0,-9999.0
256,604921821242945536,-9999.0,-9999.0,-9999.0,-9999.0,-9999.0,-9999.0,-9999.0,-9999.0,-9999.0
257,604969546919528576,5508.1,0.051,4.463,-9999.0,-9999.0,-9999.0,-9999.0,7.353475793502813,-9999.0
258,604907110979352576,6013.2,-0.021,4.313,-9999.0,-9999.0,-9999.0,-9999.0,5.2630013951295345,-9999.0
259,604906428080283776,-9999.0,-9999.0,-9999.0,-9999.0,-9999.0,-9999.0,-9999.0,-9999.0,-9999.0
260,604903576222015488,4855.1,-0.144,4.608,-9999.0,-9999.0,-9999.0,-9999.0,6.814471186646289,-9999.0
261,604947281809005312,5088.7,-0.337,4.438,-9999.0,-9999.0,-9999.0,-9999.0,-9999.0,-9999.0
262,604972463201969920,-9999.0,-9999.0,-9999.0,-9999.0,-9999.0,-9999.0,-9999.0,-9999.0,-9999.0
263,604970508992220288,5135.9,-0.086,4.519,-9999.0,-9999.0,-9999.0,-9999.0,13.181026509754558,-9999.0
264,604973979325779328,5408.7,-0.061,4.494,-9999.0,-9999.0,-9999.0,-9999.0,8.710132436152989,-9999.0
265,604899826720145024,5439.5,0.026,4.502,-9999.0,-9999.0,-9999.0,-9999.0,6.0869097572442445,-9999.0
266,604894745769327232,4794.6,0.072,4.571,-9999.0,30.4,-9999.0,-9999.0,10.527820548466154,5.029181574073518
267,598901995080469888,4910.5,0.073,4.56,-9999.0,-9999.0,-9999.0,-9999.0,9.648484251840664,-9999.0
268,604920756091231488,-9999.0,-9999.0,-9999.0,-9999.0,-9999.0,-9999.0,-9999.0,-9999.0,-9999.0
269,604917766793981184,-9999.0,-9999.0,-9999.0,-9999.0,-9999.0,-9999.0,-9999.0,-9999.0,-9999.0
270,604910546953207680,-9999.0,-9999.0,-9999.0,-9999.0,-9999.0,-9999.0,-9999.0,-9999.0,-9999.0
271,604897838145767168,5460.0,-0.086,4.473,-9999.0,-9999.0,-9999.0,-9999.0,9.70272905316035,-9999.0
272,604969714422619136,-9999.0,-9999.0,-9999.0,-9999.0,-9999.0,-9999.0,-9999.0,-9999.0,-9999.0
273,604903198264917504,5225.1,-0.063,4.492,-9999.0,-9999.0,-9999.0,-9999.0,13.306373451780054,-9999.0
274,604948278241425152,-9999.0,-9999.0,-9999.0,-9999.0,-9999.0,-9999.0,-9999.0,-9999.0,-9999.0
275,604963637044570880,5379.3,-0.04,4.519,-9999.0,-9999.0,-9999.0,-9999.0,6.676832132850556,-9999.0
276,604974151124482944,4915.3,-0.095,4.576,-9999.0,-9999.0,-9999.0,-9999.0,10.311675052945251,-9999.0
277,598885880363159296,5389.8,0.064,4.512,-9999.0,-9999.0,-9999.0,-9999.0,5.673414524059134,-9999.0
278,604920549932808320,-9999.0,-9999.0,-9999.0,-9999.0,-9999.0,-9999.0,-9999.0,-9999.0,-9999.0
279,604921202767814016,5118.7,-0.141,4.508,-9999.0,-9999.0,-9999.0,-9999.0,16.459960666541804,-9999.0
280,604917010879734528,-9999.0,-9999.0,-9999.0,-9999.0,-9999.0,-9999.0,-9999.0,-9999.0,-9999.0
281,604922061761107584,5504.8,0.066,4.485,-9999.0,-9999.0,-9999.0,-9999.0,5.734696468242678,-9999.0
282,604921679508385664,-9999.0,-9999.0,-9999.0,-9999.0,-9999.0,-9999.0,-9999.0,-9999.0,-9999.0
283,604916839081025280,4497.1,-0.126,4.59,-9999.0,-9999.0,-9999.0,-9999.0,21.57012822204407,-9999.0
284,604909756679296640,5067.2,0.019,4.531,-9999.0,-9999.0,-9999.0,-9999.0,10.994587176025385,-9999.0
285,604962984209526400,4948.4,-0.321,4.378,-9999.0,-9999.0,-9999.0,-9999.0,-9999.0,-9999.0
286,604912402379032704,5888.3,-0.054,4.341,-9999.0,-9999.0,-9999.0,-9999.0,6.805372091537086,-9999.0
287,604903370063591424,5597.6,0.12,4.456,-9999.0,-9999.0,-9999.0,-9999.0,5.346088112626392,-9999.0
288,604913574905773312,5159.9,-0.011,4.568,-9999.0,-9999.0,-9999.0,-9999.0,4.60493429811056,-9999.0
289,604902923387005696,5689.4,-0.029,4.407,-9999.0,-9999.0,-9999.0,-9999.0,7.853607081624283,-9999.0
290,604896051439391104,5700.3,0.008,4.431,-9999.0,25.1,-9999.0,-9999.0,6.1469779422141935,4.2747007593727995
291,604972944238043904,5443.8,-0.045,4.504,-9999.0,-9999.0,-9999.0,-9999.0,6.878342336210397,-9999.0
292,604977209141167104,4704.3,-0.03,4.576,-9999.0,-9999.0,-9999.0,-9999.0,13.925967935768641,-9999.0
293,598889900452561024,5206.8,0.106,4.514,-9999.0,-9999.0,-9999.0,-9999.0,8.575972002432827,-9999.0
294,598956420905951360,5106.4,-0.037,4.585,-9999.0,-9999.0,-9999.0,-9999.0,3.6594761378775615,-9999.0
295,604917315826476416,-9999.0,-9999.0,-9999.0,-9999.0,-9999.0,-9999.0,-9999.0,-9999.0,-9999.0
296,604918247830311552,5569.4,0.148,4.479,-9999.0,-9999.0,-9999.0,-9999.0,4.109806756177942,-9999.0
297,604916598562882048,-9999.0,-9999.0,-9999.0,-9999.0,-9999.0,-9999.0,-9999.0,-9999.0,-9999.0
298,604921477645534976,5349.0,0.036,4.497,-9999.0,-9999.0,-9999.0,-9999.0,8.141132608555687,-9999.0
299,604917938592657024,5505.7,-0.018,4.48,-9999.0,-9999.0,-9999.0,-9999.0,7.139207424004755,-9999.0
300,604922817675316096,5493.1,0.046,4.489,-9999.0,-9999.0,-9999.0,-9999.0,5.891108081566554,-9999.0
301,604922920754526336,5390.1,0.01,4.487,-9999.0,-9999.0,-9999.0,-9999.0,8.476572011955033,-9999.0
302,604915773929008384,5298.4,0.005,4.518,-9999.0,-9999.0,-9999.0,-9999.0,7.578951982807092,-9999.0
303,604905053690766208,4667.6,-0.094,4.566,-9999.0,-9999.0,-9999.0,-9999.0,17.787387092914237,-9999.0
304,604904263416796416,5370.2,0.016,4.53,-9999.0,-9999.0,-9999.0,-9999.0,4.92820224362741,-9999.0
305,604904057258372736,5374.2,0.097,4.519,-9999.0,-9999.0,-9999.0,-9999.0,4.920744043750523,-9999.0
306,604963087288739584,5386.4,-0.147,4.433,-9999.0,-9999.0,-9999.0,-9999.0,15.615351053306393,-9999.0
307,604915395971900672,5219.6,-0.078,4.499,-9999.0,-9999.0,-9999.0,-9999.0,13.060035858790693,-9999.0
308,604896566835439872,5187.9,0.015,4.474,-9999.0,-9999.0,-9999.0,-9999.0,14.451042889210264,-9999.0
309,604900277687127552,4699.0,-0.313,4.526,-9999.0,-9999.0,-9999.0,-9999.0,-9999.0,-9999.0
310,604908695823123072,5346.0,-0.077,4.489,-9999.0,-9999.0,-9999.0,-9999.0,10.847526126312333,-9999.0
311,598903678707639296,4871.5,-0.051,4.536,-9999.0,30.3,-9999.0,-9999.0,17.356504317475995,5.133105893668399
312,598906633645151744,5019.1,0.064,4.549,-9999.0,-9999.0,-9999.0,-9999.0,8.97255908529944,-9999.0
313,604920756091231232,4798.4,-0.023,4.568,-9999.0,-9999.0,-9999.0,-9999.0,12.722824374222439,-9999.0
314,604921134048349824,5838.6,0.007,4.304,-9999.0,-9999.0,-9999.0,-9999.0,6.516803519510022,-9999.0
315,604920515573077632,-9999.0,-9999.0,-9999.0,-9999.0,-9999.0,-9999.0,-9999.0,-9999.0,-9999.0
316,604916426764196224,5205.1,0.092,4.539,-9999.0,-9999.0,-9999.0,-9999.0,6.021921747634423,-9999.0
317,604916254965494528,5253.2,0.007,4.529,-9999.0,-9999.0,-9999.0,-9999.0,7.296404001645181,-9999.0
318,604904396560128256,4801.0,-0.007,4.575,-9999.0,-9999.0,-9999.0,-9999.0,10.803995327343605,-9999.0
319,604971093107922432,5357.1,-0.058,4.509,-9999.0,-9999.0,-9999.0,-9999.0,8.404283829918507,-9999.0
320,604917728138508160,5130.5,-0.031,3.323,-9999.0,-9999.0,-9999.0,-9999.0,0.9556859130517895,-9999.0
321,604919244262692352,5407.2,-0.02,4.499,-9999.0,-9999.0,-9999.0,-9999.0,7.588268176970724,-9999.0
322,604917594995372544,4515.9,0.099,2.238,1.186,-9999.0,-9999.0,6.524301197197781,1.102311318656007,-9999.0
323,604918144751101440,4734.9,0.033,2.462,1.314,-9999.0,-9999.0,4.386891195958146,1.0957115434577467,-9999.0
324,604917217038188288,4821.1,0.054,2.886,1.484,-9999.0,-9999.0,2.8558220847360367,1.0968817806112936,-9999.0
325,604911337227185920,-9999.0,-9999.0,-9999.0,-9999.0,-9999.0,-9999.0,-9999.0,-9999.0,-9999.0
326,604921512005266048,4765.7,0.022,2.537,1.513,-9999.0,-9999.0,2.641465612666297,1.0847996511365623,-9999.0
327,604910310730777472,6559.2,-0.346,3.874,-9999.0,-9999.0,-9999.0,-9999.0,3.354610559763952,-9999.0
328,604914468259140224,5944.6,0.079,3.941,-9999.0,-9999.0,-9999.0,-9999.0,5.005515986451494,-9999.0
329,604904847532342272,5975.2,-0.008,4.319,-9999.0,-9999.0,-9999.0,-9999.0,5.529562032777878,-9999.0
330,604910001493155584,5572.9,0.079,3.799,1.545,-9999.0,-9999.0,2.1280803679532156,4.3660418213912155,-9999.0
331,604904022898639232,6014.0,-0.082,4.082,-9999.0,-9999.0,-9999.0,-9999.0,6.77825765918608,-9999.0
332,604923367431112832,-9999.0,-9999.0,-9999.0,1.451,-9999.0,-9999.0,1.815999180028172,-9999.0,-9999.0
333,604919239966985984,6114.0,0.063,4.059,-9999.0,-9999.0,-9999.0,-9999.0,4.517417980614255,-9999.0
334,604903468852379904,6017.6,-0.019,3.982,-9999.0,-9999.0,-9999.0,-9999.0,5.291892923909019,-9999.0
335,604896635554923008,5997.6,-0.014,4.157,-9999.0,-9999.0,-9999.0,-9999.0,6.54361692215706,-9999.0
336,604902167472726784,6021.8,-0.039,3.963,-9999.0,-9999.0,-9999.0,-9999.0,5.330213451945368,-9999.0
337,604911749544005632,5920.2,0.018,3.954,1.274,-9999.0,-9999.0,3.9333792196978865,5.621743865007858,-9999.0
338,604901823875341056,5020.1,0.032,3.378,1.345,-9999.0,-9999.0,3.8864550999906116,1.448837747390285,-9999.0
339,604988784077232384,5892.2,-0.0,3.906,-9999.0,-9999.0,-9999.0,-9999.0,5.141378209374854,-9999.0
340,604703052788343296,4968.5,0.028,3.309,1.363,-9999.0,-9999.0,3.716859504037269,1.9399164751103903,-9999.0
341,598697142320464384,6081.2,-0.016,4.011,-9999.0,-9999.0,-9999.0,-9999.0,4.959480026830901,-9999.0
342,605015309794935552,4162.1,-0.031,1.669,1.652,-9999.0,-9999.0,1.8897896641010263,-9999.0,-9999.0
343,604917388836866560,-9999.0,-9999.0,-9999.0,-9999.0,-9999.0,-9999.0,-9999.0,-9999.0,-9999.0
344,604917354477131392,5076.7,-0.025,4.532,-9999.0,-9999.0,-9999.0,-9999.0,11.505856507488925,-9999.0
345,604921512005268608,5207.6,0.049,4.541,-9999.0,-9999.0,-9999.0,-9999.0,6.291922592900246,-9999.0
346,604911547681374080,5265.2,-0.051,4.514,-9999.0,-9999.0,-9999.0,-9999.0,9.769535719393847,-9999.0
347,604919789722799232,4827.1,-0.223,4.551,-9999.0,-9999.0,-9999.0,-9999.0,-9999.0,-9999.0
348,604969748782357760,-9999.0,-9999.0,-9999.0,-9999.0,-9999.0,-9999.0,-9999.0,-9999.0,-9999.0
349,604969168962428672,5370.9,-0.038,4.501,-9999.0,-9999.0,-9999.0,-9999.0,8.475725975129022,-9999.0
350,604906221921860224,-9999.0,-9999.0,-9999.0,-9999.0,-9999.0,-9999.0,-9999.0,-9999.0,-9999.0
351,604970990028536320,5298.0,-0.112,4.498,-9999.0,-9999.0,-9999.0,-9999.0,11.919710896421817,-9999.0
352,604960235430488960,5391.6,0.054,4.509,-9999.0,26.9,-9999.0,-9999.0,6.0247916387977565,4.53005312905324
353,604967760213166336,4959.1,-0.179,4.508,-9999.0,-9999.0,-9999.0,-9999.0,22.905958787814143,-9999.0
354,604899315614438784,4971.5,-0.01,4.549,-9999.0,-9999.0,-9999.0,-9999.0,11.249512660670478,-9999.0
355,605000848641142400,-9999.0,-9999.0,-9999.0,-9999.0,-9999.0,-9999.0,-9999.0,-9999.0,-9999.0
356,604920653012020864,4593.1,0.026,4.584,-9999.0,-9999.0,-9999.0,-9999.0,13.981052964356367,-9999.0
357,604917869873191424,4878.1,0.038,4.554,-9999.0,-9999.0,-9999.0,-9999.0,11.971094283750558,-9999.0
358,604916529843406976,5304.4,-0.13,4.473,-9999.0,-9999.0,-9999.0,-9999.0,14.475374410046701,-9999.0
359,604922474077954944,5348.2,-0.106,4.519,-9999.0,-9999.0,-9999.0,-9999.0,8.549335164324713,-9999.0
360,604919583564564096,5030.2,-0.003,4.537,-9999.0,-9999.0,-9999.0,-9999.0,11.428618872050777,-9999.0
361,604914055942336000,4591.1,-0.149,4.59,-9999.0,-9999.0,-9999.0,-9999.0,18.633863259862117,-9999.0
362,604971367985645184,-9999.0,-9999.0,-9999.0,-9999.0,-9999.0,-9999.0,-9999.0,-9999.0,-9999.0
363,604895055006972800,4831.5,0.086,4.557,-9999.0,-9999.0,-9999.0,-9999.0,11.953279888698553,-9999.0
364,604920824810716672,4905.1,-0.085,4.552,-9999.0,-9999.0,-9999.0,-9999.0,14.590400866990175,-9999.0
365,604921202767809664,5227.9,-0.204,4.472,-9999.0,-9999.0,-9999.0,-9999.0,17.22922381782479,-9999.0
366,604918282190042496,-9999.0,-9999.0,-9999.0,-9999.0,-9999.0,-9999.0,-9999.0,-9999.0,-9999.0
367,604914605698086784,4750.4,0.115,4.541,-9999.0,-9999.0,-9999.0,-9999.0,16.774469178937643,-9999.0
368,604911204083987584,5368.0,-0.095,4.534,-9999.0,-9999.0,-9999.0,-9999.0,6.405163974800932,-9999.0
369,604922267919526912,5218.4,-0.004,4.508,-9999.0,-9999.0,-9999.0,-9999.0,10.506278696036745,-9999.0
370,604910237715563904,5137.6,-0.137,4.486,-9999.0,-9999.0,-9999.0,-9999.0,18.384593252906946,-9999.0
371,604923947251366656,4529.3,-0.187,4.621,-9999.0,-9999.0,-9999.0,-9999.0,13.995453507517606,-9999.0
372,604969443840314496,5088.1,-0.028,4.542,-9999.0,-9999.0,-9999.0,-9999.0,9.937410256790919,-9999.0
373,604971093107738624,5075.1,-0.146,4.541,-9999.0,-9999.0,-9999.0,-9999.0,13.359994895288182,-9999.0
374,604897558972113024,5339.7,-0.306,4.402,-9999.0,-9999.0,-9999.0,-9999.0,23.076990698264098,-9999.0
375,604915086734256000,4833.7,-0.233,4.466,-9999.0,-9999.0,-9999.0,-9999.0,-9999.0,-9999.0
376,604905599150996736,4644.9,-0.436,4.525,-9999.0,-9999.0,-9999.0,-9999.0,-9999.0,-9999.0
377,604972467497283200,5208.6,0.054,4.465,-9999.0,-9999.0,-9999.0,-9999.0,14.121273546316557,-9999.0
378,604947518031910912,4800.6,0.09,4.569,-9999.0,-9999.0,-9999.0,-9999.0,10.49548840289069,-9999.0
379,604943291783363840,4894.7,-0.099,4.546,-9999.0,-9999.0,-9999.0,-9999.0,16.36440594817091,-9999.0
380,604920549932809344,-9999.0,-9999.0,-9999.0,-9999.0,-9999.0,-9999.0,-9999.0,-9999.0,-9999.0
381,604911307163200000,4645.4,-0.515,4.424,-9999.0,-9999.0,-9999.0,-9999.0,-9999.0,-9999.0
382,604914949295285376,5188.3,0.056,4.534,-9999.0,-9999.0,-9999.0,-9999.0,7.402969943660392,-9999.0
383,604923333071376512,4991.2,-0.038,4.552,-9999.0,-9999.0,-9999.0,-9999.0,11.017857397381693,-9999.0
384,604919965817201152,5183.8,0.035,4.527,-9999.0,-9999.0,-9999.0,-9999.0,8.593919108548148,-9999.0
385,604969787437702784,4740.3,-0.215,4.532,-9999.0,-9999.0,-9999.0,-9999.0,-9999.0,-9999.0
386,604897631987337600,5362.7,-0.004,4.503,-9999.0,28.4,-9999.0,-9999.0,7.855459897215927,4.979161975109467
387,604915086734257152,5264.1,-0.095,4.486,-9999.0,-9999.0,-9999.0,-9999.0,13.579669270969584,-9999.0
388,604947144370041728,5225.2,-0.035,4.547,-9999.0,-9999.0,-9999.0,-9999.0,6.540879773960225,-9999.0
389,604918179110834560,5128.1,-0.112,4.528,-9999.0,-9999.0,-9999.0,-9999.0,12.882617398688245,-9999.0
390,604917972952400256,5257.0,0.012,4.533,-9999.0,-9999.0,-9999.0,-9999.0,6.7199509468490595,-9999.0
391,604920824810533632,4936.8,-0.428,4.489,-9999.0,-9999.0,-9999.0,-9999.0,-9999.0,-9999.0
392,604914846216261888,5053.4,-0.078,4.544,-9999.0,-9999.0,-9999.0,-9999.0,11.723973260155397,-9999.0
393,604898211807205504,4644.1,-0.109,4.548,-9999.0,-9999.0,-9999.0,-9999.0,-9999.0,-9999.0
394,604912471098638720,5089.5,-0.0,4.521,-9999.0,-9999.0,-9999.0,-9999.0,12.03199420839057,-9999.0
395,604898972017070592,4938.5,-0.042,4.592,-9999.0,30.2,-9999.0,-9999.0,5.580875932086215,5.187646818606147
396,604902369335564672,-9999.0,-9999.0,-9999.0,-9999.0,-9999.0,-9999.0,-9999.0,-9999.0,-9999.0
397,604916495483676416,4791.1,-0.1,4.538,-9999.0,-9999.0,-9999.0,-9999.0,21.315870094697384,-9999.0
398,604911204083987328,5111.0,-0.002,4.551,-9999.0,-9999.0,-9999.0,-9999.0,7.618192123629004,-9999.0
399,604922336638992128,4826.5,-0.153,4.563,-9999.0,-9999.0,-9999.0,-9999.0,16.957504734949804,-9999.0
400,604923023833743744,5106.0,0.103,4.537,-9999.0,-9999.0,-9999.0,-9999.0,8.139360614742806,-9999.0
401,604971471064858496,5087.5,-0.051,4.544,-9999.0,-9999.0,-9999.0,-9999.0,10.22668983321708,-9999.0
402,604916598562881280,4753.6,-0.278,4.559,-9999.0,-9999.0,-9999.0,-9999.0,-9999.0,-9999.0
403,604917148318674816,5115.0,0.025,4.522,-9999.0,-9999.0,-9999.0,-9999.0,10.911910569116014,-9999.0
404,604914949295475712,4776.4,-0.265,4.566,-9999.0,-9999.0,-9999.0,-9999.0,18.313414372631566,-9999.0
405,604914262100725248,4791.2,0.001,4.545,-9999.0,-9999.0,-9999.0,-9999.0,15.555643567737851,-9999.0
406,604969267746269696,5075.7,0.027,4.548,-9999.0,-9999.0,-9999.0,-9999.0,8.369578733810174,-9999.0
407,604909241283211648,4824.3,0.012,4.577,-9999.0,-9999.0,-9999.0,-9999.0,9.49300049596593,-9999.0
408,604895158086185856,4934.5,0.024,4.589,-9999.0,-9999.0,-9999.0,-9999.0,4.904160802603416,-9999.0
409,604917491915139200,-9999.0,-9999.0,-9999.0,-9999.0,-9999.0,-9999.0,-9999.0,-9999.0,-9999.0
410,604916598562883968,-9999.0,-9999.0,-9999.0,-9999.0,-9999.0,-9999.0,-9999.0,-9999.0,-9999.0
411,604910551248951680,4858.6,0.052,4.567,-9999.0,-9999.0,-9999.0,-9999.0,9.976264616850397,-9999.0
412,604970990028535936,4636.4,-0.119,4.516,-9999.0,-9999.0,-9999.0,-9999.0,-9999.0,-9999.0
413,604895325589137920,-9999.0,-9999.0,-9999.0,-9999.0,-9999.0,-9999.0,-9999.0,-9999.0,-9999.0
414,604996106997219712,5080.9,-0.126,4.5,-9999.0,31.1,-9999.0,-9999.0,18.242256514991162,5.754180045283562
415,598959371548059904,5036.4,-0.147,4.543,-9999.0,-9999.0,-9999.0,-9999.0,14.145397322074066,-9999.0
416,604922164840316416,-9999.0,-9999.0,-9999.0,-9999.0,-9999.0,-9999.0,-9999.0,-9999.0,-9999.0
417,604969954941058944,4840.8,-0.494,4.586,-9999.0,-9999.0,-9999.0,-9999.0,-9999.0,-9999.0
418,604947865924535808,5027.6,0.063,4.548,-9999.0,-9999.0,-9999.0,-9999.0,8.93896471086403,-9999.0
419,604917732434325248,6356.2,-0.033,4.245,-9999.0,-9999.0,-9999.0,-9999.0,2.8941546682644184,-9999.0
420,604917629355038720,-9999.0,-9999.0,-9999.0,-9999.0,-9999.0,-9999.0,-9999.0,-9999.0,-9999.0
421,604920648716270848,5928.3,-0.002,3.904,-9999.0,-9999.0,-9999.0,-9999.0,4.901050350356473,-9999.0
422,604917835513458688,4971.5,0.072,3.333,1.263,-9999.0,-9999.0,4.9837395347102245,1.6124652105068458,-9999.0
423,604917835513456512,6688.6,-0.328,3.796,-9999.0,-9999.0,-9999.0,-9999.0,2.4811294118686753,-9999.0
424,604921198472075008,5748.5,-0.021,3.821,-9999.0,-9999.0,-9999.0,-9999.0,4.597288697001351,-9999.0
425,604916873440769152,4850.7,0.008,2.939,1.374,-9999.0,-9999.0,3.666625575192956,1.1399471898082953,-9999.0
426,604904332136281856,6021.2,-0.08,4.026,-9999.0,-9999.0,-9999.0,-9999.0,5.886454298014143,-9999.0
427,604915636490059008,5229.4,-0.029,3.653,1.156,-9999.0,-9999.0,6.377775481517465,2.683286465912849,-9999.0
428,604969134602863744,6060.0,-0.069,4.198,-9999.0,-9999.0,-9999.0,-9999.0,6.206317095870693,-9999.0
429,604924290848519168,4938.3,0.033,3.283,1.308,-9999.0,-9999.0,4.334576534478213,1.5269810272454272,-9999.0
430,604969748782357888,-9999.0,-9999.0,-9999.0,-9999.0,-9999.0,-9999.0,-9999.0,-9999.0,-9999.0
431,604915322956791168,6145.9,-0.041,4.053,-9999.0,-9999.0,-9999.0,-9999.0,5.0628863002301365,-9999.0
432,604909000764935936,6014.9,0.096,4.278,-9999.0,-9999.0,-9999.0,-9999.0,4.684595565657942,-9999.0
433,604912647193030016,5058.7,0.017,3.485,1.377,-9999.0,-9999.0,3.4890116648284284,1.877652826919826,-9999.0
434,604944086353518592,-9999.0,-9999.0,-9999.0,-9999.0,-9999.0,-9999.0,-9999.0,-9999.0,-9999.0
435,604912196220603264,6112.1,-0.089,4.059,-9999.0,-9999.0,-9999.0,-9999.0,5.778785890750055,-9999.0
436,604894638394355584,6011.2,-0.136,4.186,-9999.0,-9999.0,-9999.0,-9999.0,7.149793947518568,-9999.0
437,604948965436170112,6016.6,-0.098,3.964,-9999.0,-9999.0,-9999.0,-9999.0,5.6344856060217365,-9999.0
438,604893165221336064,6008.5,-0.042,3.99,-9999.0,-9999.0,-9999.0,-9999.0,5.7506464189439255,-9999.0
439,604891550313644672,5955.8,-0.06,4.097,-9999.0,-9999.0,-9999.0,-9999.0,7.316894500123662,-9999.0
440,604704770775147520,4640.4,0.062,2.536,1.37,-9999.0,-9999.0,3.8233139692229203,1.1025633481536503,-9999.0
441,598885979147130496,5976.3,-0.03,4.176,-9999.0,-9999.0,-9999.0,-9999.0,6.9545207148758585,-9999.0
442,604703941846497280,5998.9,-0.048,4.159,-9999.0,-9999.0,-9999.0,-9999.0,6.482180033249505,-9999.0
443,598887460911141632,6029.0,-0.107,4.259,-9999.0,-9999.0,-9999.0,-9999.0,6.5195672795017625,-9999.0
444,604708790864617344,5884.9,0.055,3.887,-9999.0,-9999.0,-9999.0,-9999.0,4.700262967616869,-9999.0
445,604892989126939648,4610.5,-0.115,4.57,-9999.0,-9999.0,-9999.0,-9999.0,19.430060413880124,-9999.0
446,604917698074587136,5312.2,-0.2,4.508,-9999.0,-9999.0,-9999.0,-9999.0,12.523478488045873,-9999.0
447,604920756091231744,4757.4,0.013,2.73,1.377,-9999.0,-9999.0,3.668628979098217,1.0867488680756536,-9999.0
448,604918179110923520,6660.8,-0.33,3.88,-9999.0,-9999.0,-9999.0,-9999.0,3.0384782527478933,-9999.0
449,604911375882674944,-9999.0,-9999.0,-9999.0,-9999.0,-9999.0,-9999.0,-9999.0,-9999.0,-9999.0
450,604914601402325504,4978.8,0.01,3.313,1.306,-9999.0,-9999.0,4.308866464093932,1.8724376467550732,-9999.0
451,604917934296936704,4821.8,-0.008,2.966,1.402,-9999.0,-9999.0,3.3773265626857487,2.295701946880636,-9999.0
452,604922748956025216,4966.6,0.019,3.241,1.312,-9999.0,-9999.0,4.280459236841592,1.5368120483045609,-9999.0
453,604915739569261184,5587.8,0.003,3.829,-9999.0,-9999.0,-9999.0,-9999.0,5.23667066673239,-9999.0
454,604918591427678848,5912.3,-0.074,3.887,1.72,-9999.0,-9999.0,1.295684439399767,5.148270990038279,-9999.0
455,604918316549771264,6038.8,-0.059,3.965,-9999.0,-9999.0,-9999.0,-9999.0,5.381352154073372,-9999.0
456,604904847532342528,-9999.0,-9999.0,-9999.0,-9999.0,-9999.0,-9999.0,-9999.0,-9999.0,-9999.0
457,604918522708195584,4996.6,0.038,3.457,1.457,-9999.0,-9999.0,2.8710451783508066,2.3019340908365793,-9999.0
458,604913952863074688,-9999.0,-9999.0,-9999.0,-9999.0,-9999.0,-9999.0,-9999.0,-9999.0,-9999.0
459,604924393927734528,5591.1,0.014,3.799,1.304,-9999.0,-9999.0,3.9578791322693068,4.492091363252718,-9999.0
460,604969787437705216,6109.8,-0.058,4.005,-9999.0,-9999.0,-9999.0,-9999.0,5.083142251261052,-9999.0
461,604905500367349888,5359.9,-0.003,3.789,1.372,-9999.0,-9999.0,3.2573831108361415,5.0238850184089285,-9999.0
462,604899831010539904,6060.8,-0.012,4.275,-9999.0,-9999.0,-9999.0,-9999.0,5.081205220739381,-9999.0
463,604907454576711040,6036.9,0.023,4.199,-9999.0,-9999.0,-9999.0,-9999.0,5.192246383212628,-9999.0
464,604973085972551296,6033.6,0.1,4.228,-9999.0,-9999.0,-9999.0,-9999.0,4.8060217241198275,-9999.0
465,604894707113832704,6039.3,-0.054,3.933,-9999.0,-9999.0,-9999.0,-9999.0,4.987090986565108,-9999.0
466,604930544320911744,6025.2,-0.025,4.293,-9999.0,18.1,-9999.0,-9999.0,5.187287240720514,3.2286087623781556
467,598890347129151104,5991.3,-0.094,4.255,-9999.0,-9999.0,-9999.0,-9999.0,6.952896402552693,-9999.0
468,604977106061961984,5958.3,0.011,4.106,-9999.0,-9999.0,-9999.0,-9999.0,6.4046860281056945,-9999.0
469,598886052161851264,5970.4,-0.042,4.117,-9999.0,-9999.0,-9999.0,-9999.0,7.083633880416815,-9999.0
470,604917732434252032,4944.7,-0.029,4.555,-9999.0,-9999.0,-9999.0,-9999.0,11.44770072344495,-9999.0
471,604918041671892352,6032.2,0.0,4.233,-9999.0,-9999.0,-9999.0,-9999.0,5.642974966382094,-9999.0
472,604920653012018688,5993.7,-0.03,4.262,-9999.0,-9999.0,-9999.0,-9999.0,6.189855651667413,-9999.0
473,604917831217725312,6004.5,0.05,4.021,-9999.0,-9999.0,-9999.0,-9999.0,5.186544713863675,-9999.0
474,604917388836860544,5839.9,-0.029,3.865,-9999.0,-9999.0,-9999.0,-9999.0,4.974937633267525,-9999.0
475,604921271487287296,6071.9,-0.054,3.984,-9999.0,-9999.0,-9999.0,-9999.0,5.19073615857159,-9999.0
476,604917972952399232,5950.8,0.026,3.946,-9999.0,-9999.0,-9999.0,-9999.0,5.160225231778673,-9999.0
477,604919690939411456,4931.2,0.043,3.178,1.26,-9999.0,-9999.0,4.992791793106121,1.5398763187086095,-9999.0
478,604916667282344576,5573.2,0.056,3.793,-9999.0,-9999.0,-9999.0,-9999.0,4.301394184414451,-9999.0
479,604904533998990592,6082.2,-0.035,4.082,-9999.0,-9999.0,-9999.0,-9999.0,5.697592651526184,-9999.0
480,604922886394972160,6112.2,0.006,4.074,-9999.0,-9999.0,-9999.0,-9999.0,4.836240801296965,-9999.0
481,604969031523465728,6019.4,-0.047,4.258,-9999.0,-9999.0,-9999.0,-9999.0,6.060446136840515,-9999.0
482,604910688687928576,6103.6,-0.033,4.222,-9999.0,-9999.0,-9999.0,-9999.0,5.254226895339384,-9999.0
483,604923470510324224,5110.2,0.03,3.532,1.152,-9999.0,-9999.0,6.759688200842299,1.679021133761716,-9999.0
484,604907115275046656,6010.7,0.015,4.102,-9999.0,-9999.0,-9999.0,-9999.0,6.055482356899231,-9999.0
485,604924531366686080,-9999.0,-9999.0,-9999.0,-9999.0,-9999.0,-9999.0,-9999.0,-9999.0,-9999.0
486,604970783870106624,6015.4,-0.082,4.039,-9999.0,-9999.0,-9999.0,-9999.0,6.262596900051393,-9999.0
487,604948346960902016,5915.4,-0.032,4.058,-9999.0,-9999.0,-9999.0,-9999.0,7.226385297158919,-9999.0
488,604973017253073536,6108.7,-0.031,4.274,-9999.0,-9999.0,-9999.0,-9999.0,4.75270684543866,-9999.0
489,604900690003981312,6101.4,-0.072,4.247,-9999.0,-9999.0,-9999.0,-9999.0,5.440038465303312,-9999.0
490,604961163143414912,6128.9,0.108,4.297,-9999.0,-9999.0,-9999.0,-9999.0,3.0519912696629667,-9999.0
491,604893676321680128,5877.5,-0.082,4.289,-9999.0,-9999.0,-9999.0,-9999.0,8.229839458022994,-9999.0
492,604975796096306432,6022.5,-0.021,4.232,-9999.0,-9999.0,-9999.0,-9999.0,5.998071748590469,-9999.0
493,604950477264649600,-9999.0,-9999.0,-9999.0,-9999.0,-9999.0,-9999.0,-9999.0,-9999.0,-9999.0
494,604931064012660992,6005.4,0.035,4.219,-9999.0,-9999.0,-9999.0,-9999.0,5.425227359890066,-9999.0
495,604891992694503040,6123.9,0.064,4.305,-9999.0,-9999.0,-9999.0,-9999.0,3.2487594414009933,-9999.0
496,604930067580245888,6118.4,-0.009,4.236,-9999.0,-9999.0,-9999.0,-9999.0,4.748791387463467,-9999.0
497,604968103810569856,6054.8,0.068,4.179,-9999.0,-9999.0,-9999.0,-9999.0,5.055309336431655,-9999.0
498,598885738628962432,5992.5,0.006,4.27,-9999.0,-9999.0,-9999.0,-9999.0,5.768850875362799,-9999.0
499,598884952650222336,6016.1,-0.007,4.126,-9999.0,-9999.0,-9999.0,-9999.0,5.880904061349005,-9999.0
500,598884746491793024,5980.5,0.012,4.071,-9999.0,-9999.0,-9999.0,-9999.0,6.065039434954913,-9999.0
501,598959032246073216,4914.8,0.104,3.169,1.316,-9999.0,-9999.0,4.435161643241703,1.3488172430012562,-9999.0
502,604917629355037568,-9999.0,-9999.0,-9999.0,-9999.0,-9999.0,-9999.0,-9999.0,-9999.0,-9999.0
503,604917491916095872,4908.1,-0.206,3.562,-9999.0,-9999.0,-9999.0,-9999.0,12.814174410168857,-9999.0
504,604917865577461888,6110.5,-0.143,4.011,-9999.0,-9999.0,-9999.0,-9999.0,5.6624314260483075,-9999.0
505,604911341522929536,-9999.0,-9999.0,-9999.0,-9999.0,-9999.0,-9999.0,-9999.0,-9999.0,-9999.0
506,604916559907415040,5638.6,-0.021,3.798,-9999.0,-9999.0,-9999.0,-9999.0,4.50701282941217,-9999.0
507,604917934296938240,5922.1,-0.058,3.939,-9999.0,-9999.0,-9999.0,-9999.0,5.770038563200467,-9999.0
508,604916770361557504,5106.5,-0.083,3.578,1.27,-9999.0,-9999.0,4.366745829439134,3.2790054823383947,-9999.0
509,604910340794779264,-9999.0,-9999.0,-9999.0,-9999.0,-9999.0,-9999.0,-9999.0,-9999.0,-9999.0
510,604922920754523136,6020.8,-0.018,4.1,-9999.0,-9999.0,-9999.0,-9999.0,6.220049837026692,-9999.0
511,604923607949288064,5989.4,-0.126,4.307,-9999.0,-9999.0,-9999.0,-9999.0,6.679897401269685,-9999.0
512,604897906865245440,-9999.0,-9999.0,-9999.0,-9999.0,-9999.0,-9999.0,-9999.0,-9999.0,-9999.0
513,604906290641339776,6036.7,-0.018,4.097,-9999.0,-9999.0,-9999.0,-9999.0,6.042664309017867,-9999.0
514,604915499051114496,5945.5,-0.033,4.042,-9999.0,-9999.0,-9999.0,-9999.0,6.762160097020028,-9999.0
515,604943880195096320,-9999.0,-9999.0,-9999.0,-9999.0,-9999.0,-9999.0,-9999.0,-9999.0,-9999.0
516,604896150222841088,6064.1,-0.072,4.208,-9999.0,-9999.0,-9999.0,-9999.0,6.138222600746006,-9999.0
517,604895089366706304,5652.7,0.078,4.326,-9999.0,-9999.0,-9999.0,-9999.0,9.806203984209331,-9999.0
518,604899453053404160,5997.0,-0.039,4.229,-9999.0,-9999.0,-9999.0,-9999.0,6.517253857380362,-9999.0
519,598902682275232640,6000.1,-0.138,4.295,-9999.0,-9999.0,-9999.0,-9999.0,6.820245388535582,-9999.0
520,604996347515377792,5956.6,-0.055,4.242,-9999.0,-9999.0,-9999.0,-9999.0,7.158046226249885,-9999.0
521,604968752349766912,5959.7,0.113,4.306,-9999.0,-9999.0,-9999.0,-9999.0,4.892101779916525,-9999.0
522,604977071702225280,5993.4,0.026,4.258,-9999.0,-9999.0,-9999.0,-9999.0,5.703379209489214,-9999.0
523,604701128643010816,5982.8,-0.036,4.139,-9999.0,-9999.0,-9999.0,-9999.0,6.9393627609963495,-9999.0
524,605004387694123136,6069.6,0.001,4.295,-9999.0,-9999.0,-9999.0,-9999.0,4.642414551406463,-9999.0
525,604917629355039360,4663.8,-0.314,4.307,-9999.0,-9999.0,-9999.0,-9999.0,-9999.0,-9999.0
526,604918106095629952,-9999.0,-9999.0,-9999.0,-9999.0,-9999.0,-9999.0,-9999.0,-9999.0,-9999.0
527,604918076031622144,6011.2,0.024,4.067,-9999.0,-9999.0,-9999.0,-9999.0,5.558692533867871,-9999.0
528,604917560635577472,6056.0,0.016,4.027,-9999.0,-9999.0,-9999.0,-9999.0,5.05134868458799,-9999.0
529,604917281461922432,-9999.0,-9999.0,-9999.0,-9999.0,-9999.0,-9999.0,-9999.0,-9999.0,-9999.0
530,604916422468464768,5992.9,-0.091,4.079,-9999.0,-9999.0,-9999.0,-9999.0,6.707913783402576,-9999.0
531,604918213470564992,5840.2,-0.172,4.2,-9999.0,-9999.0,-9999.0,-9999.0,10.720113356736597,-9999.0
532,604922985178465152,-9999.0,-9999.0,-9999.0,-9999.0,-9999.0,-9999.0,-9999.0,-9999.0,-9999.0
533,604914944999667328,6109.6,0.022,4.193,-9999.0,-9999.0,-9999.0,-9999.0,4.838478650876802,-9999.0
534,604916701642080000,6019.8,-0.016,4.139,-9999.0,-9999.0,-9999.0,-9999.0,6.302518945452213,-9999.0
535,604923848467467648,-9999.0,-9999.0,-9999.0,-9999.0,-9999.0,-9999.0,-9999.0,-9999.0,-9999.0
536,604904469575229696,6040.8,0.04,4.188,-9999.0,-9999.0,-9999.0,-9999.0,5.434497233845844,-9999.0
537,604918316549769600,-9999.0,-9999.0,-9999.0,-9999.0,-9999.0,-9999.0,-9999.0,-9999.0,-9999.0
538,604918316549769728,5936.2,0.024,4.312,-9999.0,-9999.0,-9999.0,-9999.0,5.874616267121564,-9999.0
539,604909657895767680,-9999.0,-9999.0,-9999.0,-9999.0,-9999.0,-9999.0,-9999.0,-9999.0,-9999.0
540,604914223445164416,6037.0,-0.009,4.283,-9999.0,-9999.0,-9999.0,-9999.0,5.24779911456993,-9999.0
541,604923470510326784,-9999.0,-9999.0,-9999.0,-9999.0,-9999.0,-9999.0,-9999.0,-9999.0,-9999.0
542,604897631987335296,-9999.0,-9999.0,-9999.0,-9999.0,-9999.0,-9999.0,-9999.0,-9999.0,-9999.0
543,604912406674856064,5982.8,-0.051,4.086,-9999.0,-9999.0,-9999.0,-9999.0,6.868940181247201,-9999.0
544,604896837417607808,-9999.0,-9999.0,-9999.0,-9999.0,-9999.0,-9999.0,-9999.0,-9999.0,-9999.0
545,604970783870102656,-9999.0,-9999.0,-9999.0,-9999.0,-9999.0,-9999.0,-9999.0,-9999.0,-9999.0
546,604905534727086336,6268.8,-0.041,4.304,-9999.0,-9999.0,-9999.0,-9999.0,3.040187045901195,-9999.0
547,604896395036758528,6062.4,0.039,4.005,-9999.0,-9999.0,-9999.0,-9999.0,4.72129314245803,-9999.0
548,598955149595631872,-9999.0,-9999.0,-9999.0,-9999.0,-9999.0,-9999.0,-9999.0,-9999.0,-9999.0
549,605001329677769088,5725.5,0.119,4.36,-9999.0,-9999.0,-9999.0,-9999.0,7.083302939433399,-9999.0
550,604918110391371136,5527.4,-0.129,4.451,-9999.0,-9999.0,-9999.0,-9999.0,10.444030149693667,-9999.0
551,604920653012016896,5164.1,-0.08,4.518,-9999.0,-9999.0,-9999.0,-9999.0,12.419696690677865,-9999.0
552,604917831217881728,5964.0,-0.073,3.901,-9999.0,-9999.0,-9999.0,-9999.0,5.02891745044808,-9999.0
553,604917285757665920,6368.8,-0.056,4.164,-9999.0,-9999.0,-9999.0,-9999.0,3.1622601917451707,-9999.0
554,604916426764198400,5117.6,0.069,3.513,-9999.0,-9999.0,-9999.0,-9999.0,1.5602384367023674,-9999.0
555,604917045239468544,-9999.0,-9999.0,-9999.0,-9999.0,-9999.0,-9999.0,-9999.0,-9999.0,-9999.0
556,604911268509027328,-9999.0,-9999.0,-9999.0,-9999.0,-9999.0,-9999.0,-9999.0,-9999.0,-9999.0
557,604910310730772992,-9999.0,-9999.0,-9999.0,-9999.0,-9999.0,-9999.0,-9999.0,-9999.0,-9999.0
558,604910443873993600,6026.2,-0.018,4.142,-9999.0,-9999.0,-9999.0,-9999.0,5.951757396336376,-9999.0
559,604923126912959104,-9999.0,-9999.0,-9999.0,-9999.0,-9999.0,-9999.0,-9999.0,-9999.0,-9999.0
560,604904538294704768,6102.8,0.014,4.209,-9999.0,-9999.0,-9999.0,-9999.0,4.894566230496107,-9999.0
561,604916010151555072,6068.3,-0.042,4.229,-9999.0,-9999.0,-9999.0,-9999.0,5.314051751549255,-9999.0
562,604904156041874560,-9999.0,-9999.0,-9999.0,-9999.0,-9999.0,-9999.0,-9999.0,-9999.0,-9999.0
563,604902923387005440,-9999.0,-9999.0,-9999.0,-9999.0,-9999.0,-9999.0,-9999.0,-9999.0,-9999.0
564,604962640612163200,5692.5,-0.046,4.402,-9999.0,24.4,-9999.0,-9999.0,8.229785610977176,4.230749302008996
565,604895364244625920,5593.6,-0.029,4.468,-9999.0,-9999.0,-9999.0,-9999.0,6.476783075528625,-9999.0
566,604976315787962240,5906.9,0.013,4.251,-9999.0,-9999.0,-9999.0,-9999.0,7.097842223358309,-9999.0
567,598885944787392000,6013.7,0.069,4.301,-9999.0,-9999.0,-9999.0,-9999.0,4.672482202193569,-9999.0
568,605001707634588544,5307.0,-0.119,4.526,-9999.0,-9999.0,-9999.0,-9999.0,8.971428968116607,-9999.0
569,604925875692160640,6080.8,0.058,4.276,-9999.0,18.9,-9999.0,-9999.0,4.297633056826368,4.722921576748457
570,598898073775010816,6037.2,-0.005,4.239,-9999.0,-9999.0,-9999.0,-9999.0,5.598785246982768,-9999.0
571,604917629355040896,-9999.0,-9999.0,-9999.0,-9999.0,-9999.0,-9999.0,-9999.0,-9999.0,-9999.0
572,604917625065211008,-9999.0,-9999.0,-9999.0,-9999.0,-9999.0,-9999.0,-9999.0,-9999.0,-9999.0
573,604917320117398400,-9999.0,-9999.0,-9999.0,-9999.0,-9999.0,-9999.0,-9999.0,-9999.0,-9999.0
574,604920962249663360,5283.1,0.004,3.685,-9999.0,-9999.0,-9999.0,-9999.0,2.762449110261278,-9999.0
575,604917796857988480,5990.6,0.119,4.26,-9999.0,-9999.0,-9999.0,-9999.0,4.902680689874051,-9999.0
576,604911582041107456,5949.5,-0.001,4.138,-9999.0,-9999.0,-9999.0,-9999.0,7.004422867813202,-9999.0
577,604917148318677120,5964.6,-0.023,4.28,-9999.0,-9999.0,-9999.0,-9999.0,6.342663212614482,-9999.0
578,604922779020036992,6066.9,-0.033,4.159,-9999.0,-9999.0,-9999.0,-9999.0,5.936495584320016,-9999.0
579,604919789722800256,-9999.0,-9999.0,-9999.0,-9999.0,-9999.0,-9999.0,-9999.0,-9999.0,-9999.0
580,604914536978619520,-9999.0,-9999.0,-9999.0,-9999.0,-9999.0,-9999.0,-9999.0,-9999.0,-9999.0
581,604911096708974080,5257.8,-0.032,4.488,-9999.0,-9999.0,-9999.0,-9999.0,12.164851595844482,-9999.0
582,604906565519358464,-9999.0,-9999.0,-9999.0,-9999.0,-9999.0,-9999.0,-9999.0,-9999.0,-9999.0
583,604913918503337728,-9999.0,-9999.0,-9999.0,-9999.0,-9999.0,-9999.0,-9999.0,-9999.0,-9999.0
584,604903232624649344,-9999.0,-9999.0,-9999.0,-9999.0,-9999.0,-9999.0,-9999.0,-9999.0,-9999.0
585,604897288389928832,-9999.0,-9999.0,-9999.0,-9999.0,-9999.0,-9999.0,-9999.0,-9999.0,-9999.0
586,604972330058312448,5989.5,0.007,4.267,-9999.0,-9999.0,-9999.0,-9999.0,5.830831810712925,-9999.0
587,604905633510610048,5557.4,-0.028,4.496,-9999.0,-9999.0,-9999.0,-9999.0,5.203059620246552,-9999.0
588,604971020092675328,6035.3,-0.046,3.993,-9999.0,-9999.0,-9999.0,-9999.0,5.593702069115294,-9999.0
589,604905947043939072,6011.2,-0.034,4.259,-9999.0,-9999.0,-9999.0,-9999.0,6.0260454871480045,-9999.0
590,604966866859978240,5572.1,0.052,4.455,-9999.0,-9999.0,-9999.0,-9999.0,6.638460169903839,-9999.0
591,604949034155646592,5970.6,0.062,4.202,-9999.0,-9999.0,-9999.0,-9999.0,6.007882517751936,-9999.0
592,604901957018617728,5896.8,-0.159,4.294,-9999.0,-9999.0,-9999.0,-9999.0,7.865165970189716,-9999.0
593,604973635728426752,5434.9,0.005,4.512,-9999.0,24.9,-9999.0,-9999.0,5.581334006654598,4.013878445848663
594,598890381488889088,5899.1,0.053,4.332,-9999.0,-9999.0,-9999.0,-9999.0,5.718443187648025,-9999.0
595,604926494167460352,5292.6,0.022,4.454,-9999.0,30.5,-9999.0,-9999.0,13.261218425621022,5.539079445466808
596,604998237300962048,5873.6,0.088,4.312,-9999.0,-9999.0,-9999.0,-9999.0,6.146154734740424,-9999.0
597,598959822520052480,5843.1,0.005,4.349,-9999.0,-9999.0,-9999.0,-9999.0,6.631879563840396,-9999.0
