TICID,cluster,teff,logg_gaia,feh,numax_pred,numax_final,numax_source,dnu_hon,data_source,has_spoc,peak1,peak2,peak3,M_anchor,dnu_cluster,dnu_scaling,dnu_lo,dnu_hi,dnu_center,ratio,realistic,TIC,dnu_measured,radius_flame,radius_flame_lower,radius_flame_upper,mass_flame,mass_flame_lower,mass_flame_upper,teff_gspspec,teff_gspspec_lower,teff_gspspec_upper,logg_gspspec,logg_gspspec_lower,logg_gspspec_upper,phot_bp_mean_mag,phot_rp_mean_mag,phot_g_mean_mag,parallax,BP_RP,M_G,evo_state,numax_err_lo,numax_err_up,dnu_err_lo,dnu_err_up,teff_err_lo,teff_err_up,numax_corr,dnu_corr,f_dnu,R_seis,M_seis,logg_seis,R_err_up,R_err_lo,M_err_up,M_err_lo,logg_err_up,logg_err_lo,logg_cat,logg_cat_err,R_flame_err,logg_cat_cal,age_gyr,age_std,sigma_obs,sigma_model,age_MIST,age_Dartmouth,age_GARSTEC,age_YREC
306552813,Casado_Alessi_1,5010,2.52,-0.04,39.91339333523751,80.0,envelope,,QLP,False,25.321985815,66.01803445499999,76.84422688000001,2.7020533,6.4715486378383735,8.136413489439366,5.824393774054537,8.950054838383304,7.3039810636388705,1.653580276817305,True,306552813,6.851,9.583142,9.374711,9.796296,2.7020533,2.496167,2.8092427,5010.0,5002.0,5025.0,2.52,2.48,2.57,10.393996,9.238861,9.896997,1.381695436631358,1.1551349999999996,0.5990586161775138,RC,2.64,2.64,0.20553,0.20553,70.45565981523414,71.58910531638176,79.92806474173244,6.97047467593105,0.9855208,9.05279134643059,1.9749747216005964,2.8199965200400934,0.6264506230377906,0.6264506230377906,0.3128787016358801,0.3128787016358801,0.0149727782592272,0.0149727782592272,2.52,0.1566045976336582,0.4215850000000003,2.8182790399999997,1.061765548942609,0.4158597171736862,0.41248654688444697,0.05285974845875835,1.061765548942609,1.204431899656143,1.1059218711801624,1.1500495317332593
306955660,Casado_Alessi_1,4920,2.24,-0.07,21.137565360759417,66.8,envelope,,QLP,False,69.90567327333333,28.99574069,114.17743087333332,2.7020533,5.614626129580408,7.081603343235854,5.053163516622368,7.78976367755944,6.348114736408132,3.3071771549957636,True,306955660,5.666,,,,,,,4920.0,4915.0,4929.0,2.24,2.21,2.26,10.080814,8.904677,9.572668,1.3954989511320433,1.1761370000000009,0.2963155720281669,RC,2.2044,2.2044,0.16998,0.16998,70.178344238091,70.57619995437555,66.7399340593466,5.7770491455703,0.9834328,10.905491856455734,2.371576834650335,2.7377466839737528,0.7549466823506078,0.7549466823506078,0.3759566907966675,0.3759566907966675,0.0149959216415107,0.0149959216415107,2.24,0.1520690632574554,,2.5691417600000004,0.8819827859979094,0.41872675253786557,0.4018142759629234,0.11780229591692404,0.8819827859979094,1.1969900027257696,1.0820790205137751,1.1327225699718486
306187638,Casado_Alessi_1,4985,2.46,-0.01,34.850172619030744,81.0,envelope_revised,,QLP,False,69.88831456666666,24.28339987,78.36243573,2.7020533,6.65824496171507,8.393640651403478,5.992420465543563,9.233004716543826,7.525942806559274,2.00539364124993,True,306187638,6.926,,,,,,,4985.0,4964.0,5026.0,2.46,2.39,2.57,10.331098,9.153881,9.832278,1.4152658355628638,1.1772170000000006,0.5864681147592883,RC,2.673,2.673,0.20778,0.20778,73.08214556237385,81.12336284942828,80.9271655510041,7.0480698934150805,0.9853408,8.942842127413238,1.9465089203096213,2.824305270317014,0.6189068785291172,0.6189068785291172,0.3084244729254195,0.3084244729254195,0.0149790849540708,0.0149790849540708,2.46,0.1749285568453589,,2.76518816,1.0898651166781623,0.4216715037677051,0.41917360482838045,0.04582953310801318,1.0898651166781623,1.2091298904639451,1.1089850709163338,1.1521248945186429
414752508,HSC_95,4983,2.5,-0.08,38.220122203274535,28.4,envelope,,QLP,False,29.08390486,108.65431725,169.30961419333337,1.5,3.4411221010325543,3.665294228475451,3.097009890929299,4.031823651322997,3.5532081647540026,0.7609579243445804,True,414752508,3.922,,,,,,,4983.0,4977.0,4989.0,2.5,2.48,2.52,8.182431,6.8713174,7.603347,4.972675865984265,1.3111135999999997,1.0862977576509438,RGB,0.9372,0.9372,0.11766,0.11766,70.25667228100119,70.25667228100119,28.374462983315016,4.001550376186054,0.9827736,9.725357492821685,0.8069796864282035,2.3690514537470926,0.673068060035749,0.673068060035749,0.1278678382427255,0.1278678382427255,0.0149795934785986,0.0149795934785986,2.5,0.1513274595042155,,2.8006,13.7,11.843554572333277,11.843554572333277,0.0,13.7,13.7,13.7,13.7
354016987,LISC_3534,4362,1.64,0.09,5.63890378330592,26.0,envelope_revised,,QLP,False,20.796936345,23.900826925,98.6724208,1.5,2.5542123105562773,2.8409850613255276,2.2987910795006496,3.1250835674580806,2.6975986859409025,3.688116900765308,True,354016987,2.356,,,,,,,4362.0,4359.0,4366.0,1.64,1.63,1.65,8.671358,7.202856,7.9951754,2.360773557272482,1.468502,-0.1395529397934547,RGB,0.8580000000000001,0.8580000000000001,0.0706799999999999,0.0706799999999999,70.06425622241343,70.11419257183242,25.976621041063044,2.424422297642113,0.9744088,22.693318450858463,3.76356883657036,2.3018038487066854,1.5755753688667655,1.5755753688667655,0.5996196409985803,0.5996196409985803,0.0151716904992798,0.0151716904992798,1.64,0.150332963783729,,2.0234489599999996,0.2213885817982235,0.5101578392765432,0.10129669775126576,0.5,0.2213885817982235,,,
67569102,NGC_752,4862,2.27,-0.12,22.784003446218662,62.89426195886992,SPOC_envelope,,SPOC,True,65.961087425,128.7093100775,24.096485815,2.7518926500000003,5.539223075050916,7.048929099104836,4.985300767545825,7.75382200901532,6.294076087077876,2.895061334620155,True,67569102,5.724,10.363285,10.142814,10.583345,2.7030272,2.5955877,2.9059703,4862.0,4854.0,4873.0,2.27,2.24,2.31,9.234363,8.066982,8.731168,2.30548541403236,1.167381000000001,0.5449798947044844,RC,2.0755106446427076,2.0755106446427076,0.17172,0.17172,70.45565981523414,70.8590149522275,62.837708021650435,5.840637797543005,0.9826832,9.986109440831957,1.8612247336206216,2.709006172570644,0.6914800154340842,0.6914800154340842,0.2951835250221756,0.2951835250221756,0.0150115019287523,0.0150115019287523,2.27,0.1540292180074936,0.440531,2.59600304,1.4548574993724808,0.7218918697393568,0.7158365216441839,0.09330565832863667,1.4548574993724808,1.7091107559300773,1.5314390336157735,1.5977592701509025
67420118,NGC_752,4956,2.43,-0.06,32.61909187951771,90.0,envelope_revised,,SPOC,True,125.311606286,34.351730053333334,79.52660793,2.7518926500000003,6.051530330565898,7.66235281600133,5.446377297509308,8.428588097601464,6.856941573283613,2.437222970327997,True,67420118,7.922,8.349718,8.172794,8.525507,2.6015022,2.5615013,2.6415057,4956.0,4945.0,4977.0,2.43,2.39,2.49,9.510837,8.401606,9.037284,2.262139320439473,1.1092310000000012,0.809880743519285,RC,2.97,2.97,0.2376599999999999,0.2376599999999999,70.8590149522275,73.08214556237385,89.919072834449,8.058771552150771,0.9856896,7.578248410329304,1.5485794884518325,2.8687958284058643,0.5245321470454554,0.5245321470454554,0.2454244527026776,0.2454244527026776,0.014986517211998,0.014986517211998,2.43,0.1581138830084189,0.3527129999999996,2.7385822399999995,1.7133338499758133,0.8348274818335989,0.8235202700220946,0.13693534710718136,1.7133338499758133,2.0874162212640566,1.9184676489359624,1.9865567516566018
186970424,NGC_752,4859,2.27,-0.1,22.791035907967373,63.0,envelope_revised,,SPOC,True,69.67634081,142.17605727333333,49.08584403,2.7518926500000003,5.643942869476004,7.187485761322776,5.079548582528404,7.9062343374550546,6.41571431539939,3.0571818275992575,True,186970424,5.796,10.0878,9.875372,10.300075,2.8007581,2.5965025,2.8407605,4859.0,4854.0,4867.0,2.27,2.24,2.29,9.218865,8.043753,8.712867,2.296356674480272,1.1751119999999986,0.5180637220446993,RC,2.079,2.079,0.17388,0.17388,70.178344238091,70.45565981523414,62.9433509841143,5.913734234189309,0.9827448,9.754134968539931,1.778194204309795,2.7096016690996114,0.6754263327253961,0.6754263327253961,0.2820217736121799,0.2820217736121799,0.015012322565781,0.015012322565781,2.27,0.1520690632574554,0.4247029999999991,2.59600304,1.5342087796517232,0.7480581634643885,0.7422606914122216,0.09295204091339007,1.5342087796517232,1.788107224902152,1.6219372033932062,1.6897593886907012
67419922,NGC_752,4825,2.33,-0.14,26.259645328063343,71.0,envelope_revised,,QLP,False,31.760074875,147.39088288666665,85.97510613,2.7518926500000003,3.2470538902424013,4.085596668572955,2.922348501218161,4.494156335430251,3.666325279407678,1.209463207831616,True,67419922,6.285,9.794666,9.5751095,10.015025,2.8020263,2.5992658,2.8420272,4825.0,4814.0,4844.0,2.33,2.29,2.4,9.39067,8.2298355,8.890364,2.258684821007305,1.1608345,0.6596421664497321,RC,2.343,2.343,0.18855,0.18855,70.8590149522275,72.53275122315436,70.93615745828754,6.413299006045471,0.982648,9.314132223261582,1.8208722420083705,2.7599946776735074,0.6450589963851733,0.6450589963851733,0.2888678743939932,0.2888678743939932,0.0150217271586662,0.0150217271586662,2.33,0.1597654530867045,0.4399154999999997,2.64960464,1.4999892532051597,0.7455971650673319,0.74005548321525,0.0907359593517641,1.4999892532051597,1.7467230518620664,1.5747930647132309,1.6422117551255655
150753375,Theia_1188,4379,1.48,-0.08,3.8935884263712977,22.0,envelope_revised,,QLP,False,15.980634445,131.87859645499998,95.86188535,1.5,2.051400894768489,2.265026481333593,1.8462608052916405,2.4915291294669526,2.158213688051041,4.104346092864636,True,150753375,2.342,,,,,,,4379.0,4377.0,4382.0,1.48,1.48,1.49,7.404652,5.994366,6.7634535,3.084707717921657,1.4102859999999993,-0.7904763996566713,RGB,0.726,0.726,0.07026,0.07026,70.02856560004639,70.06425622241343,21.980217803976423,2.4103798398729728,0.9742616,19.464244394440676,2.3473233639375515,2.2300978235327955,1.3512411183506052,1.3512411183506052,0.3739129453666038,0.3739129453666038,0.015165360202043,0.015165360202043,1.48,0.1500833101980363,,1.87520704,0.7825215565429948,0.6188467764949239,0.3646523450879732,0.5,0.7825215565429948,,,
321823630,Theia_1297,4893,2.19,-0.06,18.890780727104723,21.0,envelope_revised,,QLP,False,27.828400405,75.24768312,37.90816252,1.5,3.2263372509055035,3.4547740397143305,2.903703525814953,3.800251443685764,3.3405556453099168,1.473120714649526,True,321823630,2.378,,,,,,,4893.0,4888.0,4899.0,2.19,2.17,2.21,9.188267,7.999292,8.673056,1.8781373164992403,1.188975,0.0416927086008378,RGB,0.6930000000000001,0.6930000000000001,0.07134,0.07134,70.178344238091,70.25667228100119,20.981116994704767,2.4318632060520375,0.9804984,19.294209369002186,2.327279513598277,2.233994572728415,1.3358256945465692,1.3358256945465692,0.3690099107387346,0.3690099107387346,0.0150031076273244,0.0150031076273244,2.19,0.1513274595042155,,2.52428336,0.7633353567437204,0.6066729879032543,0.34358712759860804,0.5,0.7633353567437204,,,
306345133,Theia_6046,4448,2.01,-0.02,13.090466560238388,22.24,Hon+21,2.89,QLP,False,38.987026365000006,174.56439286,124.930392325,1.5240174166293003,2.732419715844166,3.0342170415394065,2.4591777442597493,3.3376387456933476,2.89,1.6974184913692911,True,306345133,2.966,10.586564,10.348926,10.823149,3.0028684,2.9628682,3.0428684,4448.0,4438.0,4458.0,2.01,1.99,2.02,10.98419,9.5644,10.334998,1.2824451021632164,1.4197900000000008,0.8751919163349555,RGB,0.73392,0.73392,0.08898,0.08898,70.71067811865476,70.71067811865476,22.220001998201617,3.0480711875078206,0.9757088,12.401246182275118,0.9708128143141292,2.238204842311547,0.8605571559479536,0.8605571559479536,0.1545338916433135,0.1545338916433135,0.0151403816947868,0.0151403816947868,2.01,0.1507481343168133,0.4742230000000003,2.36186576,6.693107324864844,3.402131408561486,3.3984473063120206,0.15828464025650973,6.693107324864844,7.1250449766603,6.894315111857712,6.999275259175377
43902016,Theia_6046,4499,1.53,-0.26,4.310022311082373,15.08,Hon+21,2.04,QLP,False,16.222250005,67.875920495,140.4696976933333,1.5240174166293003,2.05083638594741,2.250095367086823,1.836,2.4751049037955055,2.04,3.496501621639049,True,43902016,2.165,,,,,,,4499.0,4495.0,4502.0,1.53,1.51,1.53,9.673288,8.297405,9.051805,1.221536848053075,1.375883,-0.513662139299015,RGB,0.49764,0.49764,0.06495,0.06495,70.11419257183242,70.06425622241343,15.066440203816564,2.2260678071975635,0.9752,15.85553600593614,1.0822033267089135,2.071947008231066,1.0999345057311765,1.0999345057311765,0.1721778524197397,0.1721778524197397,0.0151226282521742,0.0151226282521742,1.53,0.150332963783729,,1.92165584,4.883791619555268,2.6091189863612656,2.6036216472321683,0.16928143151240335,4.883791619555268,5.282428106502915,5.110166148142261,5.307167410321848
24297458,Theia_6046,4487,1.98,-0.02,12.163525785392364,56.06,Hon+21,5.36,QLP,False,33.358504027500004,67.466993425,107.74789759000002,1.5240174166293003,5.484162098477577,6.183270017337315,4.824000000000001,6.801597019071047,5.36,4.60475038144487,True,24297458,5.417,12.315709,12.050344,12.579802,2.9028366,2.6006403,3.1061342,4487.0,4482.0,4495.0,1.98,1.96,1.99,10.429629,8.949734,9.746946,1.5973747131431408,1.4798950000000008,0.7639800257817431,RGB,1.84998,1.84998,0.16251,0.16251,70.178344238091,70.45565981523414,56.00959136776901,5.553068910592407,0.9781376,9.459395212364116,1.4300312877871275,2.6416187983053314,0.6562648072870464,0.6562648072870464,0.2275438122169556,0.2275438122169556,0.0151267529835549,0.0151267529835549,1.98,0.1507481343168133,0.529458,2.33465504,4.008840530782445,2.6508276551879706,2.6481819015069887,0.11840554902614664,4.008840530782445,4.343727178897338,4.173562061692766,4.175554900904068
24666306,Theia_6046,4294,1.96,0.24,11.87425838137978,33.32,Hon+21,3.75,QLP,False,34.5371570075,104.081538735,9.23896727,1.5240174166293003,3.651625143874048,4.1422408133824575,3.286462629486643,4.556464894720704,3.75,2.803543508216277,True,24666306,3.744,,,,,,,4294.0,4274.0,4312.0,1.96,1.92,2.0,12.13324,10.520926,11.367852,1.0376405320559676,1.6123140000000014,1.4480866385511053,RGB,1.09956,1.09956,0.11232,0.11232,72.80109889280519,72.27724399837061,33.29003896493156,3.850383432231466,0.9750032,11.4400104465671,1.216120263626085,2.4061236828993917,0.7946144572145698,0.7946144572145698,0.1938988381249935,0.1938988381249935,0.0151977402000082,0.0151977402000082,1.96,0.1552417469626002,,2.31649216,6.037299690508192,3.5913291565993775,3.588694525570591,0.13753804266625988,6.037299690508192,5.7124466184216764,5.690767591776618,5.833687839722657
24444542,Theia_6046,4288,1.43,-0.22,3.506792964317948,16.59,Hon+21,2.14,SPOC,True,48.47013525,165.248752075,99.40413364,1.5240174166293003,2.163772083557563,2.4217750819732675,1.926,2.6639525901705943,2.14,4.727966597601726,True,24444542,2.217,,,,,,,4288.0,4283.0,4292.0,1.43,1.41,1.44,10.052856,8.503765,9.328411,1.2773552949586429,1.5490910000000009,-0.1400304370249667,RGB,0.54747,0.54747,0.06651,0.06651,70.178344238091,70.11419257183242,16.575082425816767,2.2851828449701252,0.9727896,16.159586077968083,1.2073186489395376,2.1029614444812443,1.1224767724274372,1.1224767724274372,0.1925084421723507,0.1925084421723507,0.0152000961826438,0.0152000961826438,1.43,0.1507481343168133,,1.82864624,4.401366865638932,2.503287266051643,2.5008529344929866,0.11037090383850098,4.401366865638932,4.491021606275606,4.581501356386281,4.699471583395422
249064439,Theia_6046,5056,2.69,-0.11,58.7670624222497,62.91,Hon+21,6.66,QLP,False,36.76018597666667,122.21499539333333,101.096690495,1.5240174166293003,6.2529389486424405,6.756920175748761,5.627645053778196,7.432612193323638,6.66,1.0694766321381493,True,249064439,6.121,,,,,,,5056.0,5040.0,5081.0,2.69,2.61,2.78,11.042634,9.811644,10.509689,1.2645352025179644,1.2309900000000005,1.0193436193570378,RGB,2.07603,2.07603,0.18363,0.18363,71.80529228406496,74.33034373659252,62.85343191127985,6.228831295979473,0.9853488,8.955883779528014,1.5269604417844078,2.717610887936697,0.6196278903076868,0.6196278903076868,0.2418252882422663,0.2418252882422663,0.0149614107239517,0.0149614107239517,2.69,0.1724093964956666,,2.96782736,3.0179734362608697,1.9874852197700574,1.972792348022356,0.24122157944278802,3.0179734362608697,3.574562433688439,3.5780223110735543,3.572511995204354
34472483,Theia_6046,4922,2.56,-0.14,44.153660114586685,34.79,Hon+21,3.97,QLP,False,72.91207591,11.19719855,107.52026415,1.5240174166293003,3.97,4.282379410986513,3.573,4.710617352085165,3.97,0.7872507037874448,True,34472483,3.768,,,,,,,4922.0,4912.0,4943.0,2.56,2.5,2.62,10.539273,9.213876,9.949137,1.7256761267363965,1.3253969999999988,1.133933455246126,RGB,1.14807,1.14807,0.1130399999999999,0.1130399999999999,70.71067811865476,73.08214556237385,34.7587171545609,3.848245365939008,0.9817984,12.802597485264425,1.7025861116748575,2.4545129035455076,0.8862684968286213,0.8862684968286213,0.2699001831277872,0.2699001831277872,0.014995393909975,0.014995393909975,2.56,0.1615549442140351,,2.85358336,2.5934022443149067,1.8131070929097801,1.7989635621372126,0.22602529164309207,2.5934022443149067,3.179001137145532,3.068258847205441,3.0668327270476503
195860623,Theia_844,4960,2.48,0.04,36.584462323606374,104.1,envelope_revised,,QLP,False,106.10111406,25.419552295,158.517127355,3.1513912499999996,7.829313266099072,10.331866337959598,7.046381939489165,11.365052971755558,9.080589802029335,2.9001687416227937,True,195860623,7.108,12.497926,12.216515,12.775419,3.1014793,2.798701,3.2097547,4960.0,4956.0,4970.0,2.48,2.46,2.51,9.708312,8.544122,9.205404,1.5255185344132167,1.1641899999999996,0.1224914425354821,RGB,3.4353,3.4353,0.2132399999999999,0.2132399999999999,70.11419257183242,70.71067811865476,104.00639424517934,7.233676987326259,0.9852864,10.883578453140736,3.695920851777897,2.9321792378701614,0.7532992706059567,0.7532992706059567,0.5857256216922292,0.5857256216922292,0.0149854845375218,0.0149854845375218,2.48,0.1520690632574554,0.5589040000000001,2.78290304,0.2402890097180336,0.5127228430839347,0.11351085331400272,0.5,0.2402890097180336,,,
195862014,Theia_844,4900,2.22,-0.01,20.227372618220603,62.1,envelope,,QLP,False,61.537772807500005,172.57759906,70.94143702,3.1513912499999996,5.107303999287725,6.694748294816281,4.596573599358953,7.36422312429791,5.901026147052003,3.042301833707628,True,195862014,4.941,13.475784,13.188441,13.761315,3.2013032,3.161303,3.2413042,4900.0,4894.0,4907.0,2.22,2.19,2.24,9.533838,8.370131,9.03049,1.5418528576126689,1.1637069999999987,-0.0292953498947738,RGB,2.0493,2.0493,0.14823,0.14823,70.25667228100119,70.34912934784623,62.04416025576981,5.0414281658320546,0.9827328,13.285589870675151,3.265419586449983,2.7051773103053636,0.919793087192162,0.919793087192162,0.5177323479041069,0.5177323479041069,0.0150012335144695,0.0150012335144695,2.22,0.1520690632574555,0.5728740000000005,2.5512118399999997,0.2766606192668811,0.5197464626902669,0.1419027324579939,0.5,0.2766606192668811,,,
459055617,Unknown_3,4383,1.71,-0.11,6.609243910632398,48.87623812361134,SPOC_envelope,,SPOC,True,47.137693979999995,18.276876225,186.0242231133333,1.5,4.8232164706309435,5.446378260753253,4.340894823567849,5.991016086828579,5.134797365692098,7.132085699571296,True,459055617,5.217,,,,,,,4383.0,4373.0,4392.0,1.71,1.69,1.73,10.345045,8.924694,9.695972,1.1786922233481287,1.420351,0.0529740909917926,RGB,1.6129158580791745,1.6129158580791745,0.1565099999999999,0.1565099999999999,70.71067811865476,70.57619995437555,48.83228906345423,5.356741772147789,0.9765496,8.759522914577751,1.0566522534743856,2.5769711774503743,0.6080860481907013,0.6080860481907013,0.1683105515338151,0.1683105515338151,0.0151638810340721,0.0151638810340721,1.71,0.1513274595042155,,2.08794416,8.612636702979156,4.934350240500801,4.883291926256554,0.7080058325239006,8.612636702979156,10.42537105674477,9.995962048142315,10.20767754288051
